file_name_1,標記
20,台灣小吃/熱炒店
21,
25,台灣小吃/熱炒店
28,台灣小吃/熱炒店
36,台灣小吃/熱炒店
39,台灣小吃/熱炒店
46,台灣小吃/熱炒店
51,台灣小吃/熱炒店
53,台灣小吃/熱炒店
62,
63,台灣小吃/熱炒店
64,台灣小吃/熱炒店
68,
71,台灣小吃/熱炒店
78,台灣小吃/熱炒店
99,火鍋
100,火鍋
103,火鍋
111,火鍋
119,台灣小吃/熱炒店
133,台灣小吃/熱炒店
137,台灣小吃/熱炒店
139,台灣小吃/熱炒店
140,意式
141,咖啡甜點
143,
145,咖啡甜點
150,咖啡甜點
187,咖啡甜點
191,台灣小吃/熱炒店
192,港式
193,日式
195,日式
197,台灣小吃/熱炒店
199,港式
201,
202,早午餐
206,意式
208,
209,早午餐
214,美式
218,異國料理
222,港式
236,日式
241,美式
243,
244,咖啡甜點
248,
251,美式
252,
257,
260,意式
269,台灣小吃/熱炒店
271,台灣小吃/熱炒店
277,
281,日式
287,美式
289,韓式
308,韓式
310,韓式
324,咖啡甜點
336,異國料理
343,異國料理
356,台灣小吃/熱炒店
357,
361,日式
368,異國料理
371,
372,
373,台灣小吃/熱炒店
387,
420,南洋
425,台灣小吃/熱炒店
430,素食
446,港式
454,港式
460,港式
470,台灣小吃/熱炒店
479,台灣小吃/熱炒店
481,台灣小吃/熱炒店
482,台灣小吃/熱炒店
485,南洋
488,南洋
495,南洋
504,南洋
532,南洋
536,南洋
540,台灣小吃/熱炒店
542,港式
545,南洋
547,韓式
556,港式
560,酒吧/餐酒館
562,酒吧/餐酒館
566,酒吧/餐酒館
569,酒吧/餐酒館
570,咖啡甜點
571,酒吧/餐酒館
573,酒吧/餐酒館
576,酒吧/餐酒館
578,酒吧/餐酒館
580,酒吧/餐酒館
583,酒吧/餐酒館
585,意式
587,酒吧/餐酒館
589,酒吧/餐酒館
592,酒吧/餐酒館
598,日式
638,咖啡甜點
659,台灣小吃/熱炒店
660,台灣小吃/熱炒店
664,台灣小吃/熱炒店
668,台灣小吃/熱炒店
670,台灣小吃/熱炒店
675,台灣小吃/熱炒店
677,
678,台灣小吃/熱炒店
679,台灣小吃/熱炒店
682,台灣小吃/熱炒店
693,台灣小吃/熱炒店
694,台灣小吃/熱炒店
697,台灣小吃/熱炒店
698,台灣小吃/熱炒店
708,中式
713,台灣小吃/熱炒店
720,咖啡甜點
721,
727,早午餐
748,早午餐
776,咖啡甜點
783,燒烤店
792,燒烤店
796,台灣小吃/熱炒店
803,
809,台灣小吃/熱炒店
811,日式
817,台灣小吃/熱炒店
823,異國料理
827,港式
828,
854,台灣小吃/熱炒店
860,
872,台灣小吃/熱炒店
876,台灣小吃/熱炒店
880,異國料理
883,港式
884,台灣小吃/熱炒店
886,台灣小吃/熱炒店
888,台灣小吃/熱炒店
893,火鍋
895,台灣小吃/熱炒店
898,台灣小吃/熱炒店
899,台灣小吃/熱炒店
902,
908,日式
910,中式
911,日式
915,咖啡甜點
925,日式
940,咖啡甜點
953,早午餐
966,異國料理
976,中式
995,中式
1009,
1011,台灣小吃/熱炒店
1019,台灣小吃/熱炒店
1023,
1024,咖啡甜點
1027,
1031,日式
1043,異國料理
1045,台灣小吃/熱炒店
1051,意式
1056,咖啡甜點
1059,咖啡甜點
1062,異國料理
1063,
1067,咖啡甜點
1075,美式
1076,咖啡甜點
1077,意式
1080,
1084,酒吧/餐酒館
1093,異國料理
1097,咖啡甜點
1099,咖啡甜點
1109,台灣小吃/熱炒店
1132,
1134,素食
1150,素食
1151,素食
1159,素食
1164,
1180,台灣小吃/熱炒店
1182,台灣小吃/熱炒店
1183,台灣小吃/熱炒店
1185,台灣小吃/熱炒店
1187,台灣小吃/熱炒店
1193,台灣小吃/熱炒店
1208,
1220,早午餐
1225,早午餐
1226,早午餐
1233,台灣小吃/熱炒店
1252,中式
1254,中式
1256,台灣小吃/熱炒店
1266,中式
1286,台灣小吃/熱炒店
1292,
1296,美式
1297,咖啡甜點
1299,咖啡甜點
1310,日式
1312,台灣小吃/熱炒店
1313,
1319,中式
1325,台灣小吃/熱炒店
1327,台灣小吃/熱炒店
1352,
1369,韓式
1370,意式
1373,早午餐
1380,咖啡甜點
1384,咖啡甜點
1388,日式
1408,
1410,
1413,台灣小吃/熱炒店
1415,台灣小吃/熱炒店
1418,
1425,
1436,台灣小吃/熱炒店
1441,台灣小吃/熱炒店
1463,台灣小吃/熱炒店
1464,台灣小吃/熱炒店
1466,早午餐
1476,台灣小吃/熱炒店
1479,台灣小吃/熱炒店
1483,
1484,中式
1492,
1496,韓式
1497,咖啡甜點
1500,早午餐
1510,火鍋
1517,日式
1521,台灣小吃/熱炒店
1540,台灣小吃/熱炒店
1545,咖啡甜點
1549,
1554,燒烤店
1563,咖啡甜點
1566,意式
1571,意式
1585,異國料理
1594,日式
1603,台灣小吃/熱炒店
1605,咖啡甜點
1614,
1620,酒吧/餐酒館
1629,台灣小吃/熱炒店
1633,台灣小吃/熱炒店
1635,中式
1637,台灣小吃/熱炒店
1671,
1674,台灣小吃/熱炒店
1677,韓式
1684,中式
1686,日式
1689,咖啡甜點
1706,中式
1710,咖啡甜點
1738,咖啡甜點
1742,台灣小吃/熱炒店
1776,台灣小吃/熱炒店
1786,異國料理
1790,中式
1798,台灣小吃/熱炒店
1807,
1812,台灣小吃/熱炒店
1813,咖啡甜點
1815,美式
1829,
1830,意式
1836,
1851,台灣小吃/熱炒店
1852,
1859,異國料理
1870,韓式
1873,台灣小吃/熱炒店
1875,台灣小吃/熱炒店
1882,台灣小吃/熱炒店
1883,台灣小吃/熱炒店
1884,
1885,
1888,
1889,台灣小吃/熱炒店
1893,
1901,台灣小吃/熱炒店
1920,早午餐
1929,台灣小吃/熱炒店
1936,台灣小吃/熱炒店
1937,台灣小吃/熱炒店
1938,異國料理
1944,早午餐
1956,台灣小吃/熱炒店
1965,異國料理
1972,火鍋
1973,咖啡甜點
1976,異國料理
1979,酒吧/餐酒館
1980,
1981,台灣小吃/熱炒店
1982,
1984,
1999,
2003,酒吧/餐酒館
2005,酒吧/餐酒館
2014,
2016,台灣小吃/熱炒店
2022,台灣小吃/熱炒店
2025,日式
2056,酒吧/餐酒館
2057,酒吧/餐酒館
2058,酒吧/餐酒館
2059,酒吧/餐酒館
2061,酒吧/餐酒館
2062,酒吧/餐酒館
2070,異國料理
2071,異國料理
2072,酒吧/餐酒館
2074,酒吧/餐酒館
2079,台灣小吃/熱炒店
2082,台灣小吃/熱炒店
2083,異國料理
2117,美式
2122,咖啡甜點
2124,美式
2130,意式
2135,咖啡甜點
2145,咖啡甜點
2163,酒吧/餐酒館
2165,酒吧/餐酒館
2166,酒吧/餐酒館
2169,異國料理
2171,酒吧/餐酒館
2193,
2196,
2199,台灣小吃/熱炒店
2206,
2212,台灣小吃/熱炒店
2213,日式
2214,酒吧/餐酒館
2222,台灣小吃/熱炒店
2223,台灣小吃/熱炒店
2256,台灣小吃/熱炒店
2277,意式
2281,咖啡甜點
2285,咖啡甜點
2287,咖啡甜點
2288,咖啡甜點
2289,咖啡甜點
2318,異國料理
2327,
2330,異國料理
2342,台灣小吃/熱炒店
2343,
2360,
2367,韓式
2372,港式
2378,酒吧/餐酒館
2382,酒吧/餐酒館
2383,酒吧/餐酒館
2386,酒吧/餐酒館
2387,酒吧/餐酒館
2389,咖啡甜點
2390,
2404,燒烤店
2419,韓式
2420,意式
2422,台灣小吃/熱炒店
2433,火鍋
2445,異國料理
2447,中式
2448,咖啡甜點
2451,台灣小吃/熱炒店
2455,意式
2466,台灣小吃/熱炒店
2473,
2482,台灣小吃/熱炒店
2485,
2487,美式
2497,日式
2507,火鍋
2510,早午餐
2511,美式
2514,
2526,早午餐
2533,酒吧/餐酒館
2540,咖啡甜點
2543,
2547,異國料理
2560,意式
2561,早午餐
2562,台灣小吃/熱炒店
2565,意式
2568,異國料理
2580,台灣小吃/熱炒店
2582,
2589,異國料理
2611,台灣小吃/熱炒店
2620,台灣小吃/熱炒店
2624,台灣小吃/熱炒店
2625,
2627,日式
2637,港式
2642,港式
2649,南洋
2672,咖啡甜點
2678,早午餐
2689,異國料理
2696,異國料理
2697,酒吧/餐酒館
2701,酒吧/餐酒館
2731,早午餐
2734,早午餐
2745,燒烤店
2757,日式
2779,咖啡甜點
2781,異國料理
2783,台灣小吃/熱炒店
2786,酒吧/餐酒館
2788,火鍋
2797,
2798,
2800,
2805,
2808,台灣小吃/熱炒店
2811,台灣小吃/熱炒店
2815,台灣小吃/熱炒店
2824,
2846,咖啡甜點
2850,南洋
2865,早午餐
2868,台灣小吃/熱炒店
2871,台灣小吃/熱炒店
2872,台灣小吃/熱炒店
2873,台灣小吃/熱炒店
2884,台灣小吃/熱炒店
2888,
2895,台灣小吃/熱炒店
2901,
2914,
2938,火鍋
2943,日式
2972,台灣小吃/熱炒店
3007,韓式
3008,台灣小吃/熱炒店
3026,港式
3062,台灣小吃/熱炒店
3092,台灣小吃/熱炒店
3095,台灣小吃/熱炒店
3099,台灣小吃/熱炒店
3105,咖啡甜點
3110,
3112,咖啡甜點
3119,早午餐
3123,
3125,台灣小吃/熱炒店
3129,台灣小吃/熱炒店
3143,台灣小吃/熱炒店
3148,
3158,南洋
3161,韓式
3165,異國料理
3169,咖啡甜點
3172,酒吧/餐酒館
3183,酒吧/餐酒館
3205,美式
3208,異國料理
3209,台灣小吃/熱炒店
3227,台灣小吃/熱炒店
3239,
3246,
3247,意式
3253,
3273,酒吧/餐酒館
3274,酒吧/餐酒館
3275,異國料理
3276,酒吧/餐酒館
3282,酒吧/餐酒館
3285,酒吧/餐酒館
3288,酒吧/餐酒館
3290,酒吧/餐酒館
3293,酒吧/餐酒館
3295,台灣小吃/熱炒店
3306,台灣小吃/熱炒店
3307,中式
3372,韓式
3374,韓式
3376,韓式
3378,韓式
3380,
3385,
3389,南洋
3403,台灣小吃/熱炒店
3426,
3439,韓式
3444,
3445,咖啡甜點
3459,台灣小吃/熱炒店
3469,
3477,咖啡甜點
3483,早午餐
3489,火鍋
3493,台灣小吃/熱炒店
3504,台灣小吃/熱炒店
3512,台灣小吃/熱炒店
3516,台灣小吃/熱炒店
3518,台灣小吃/熱炒店
3519,日式
3528,台灣小吃/熱炒店
3531,
3534,台灣小吃/熱炒店
3541,台灣小吃/熱炒店
3564,台灣小吃/熱炒店
3571,韓式
3575,酒吧/餐酒館
3581,意式
3590,咖啡甜點
3592,咖啡甜點
3598,港式
3606,
3609,台灣小吃/熱炒店
3610,台灣小吃/熱炒店
3618,早午餐
3621,異國料理
3625,酒吧/餐酒館
3628,台灣小吃/熱炒店
3630,台灣小吃/熱炒店
3639,台灣小吃/熱炒店
3659,
3661,台灣小吃/熱炒店
3663,台灣小吃/熱炒店
3666,港式
3673,台灣小吃/熱炒店
3674,
3678,
3681,
3697,
3704,日式
3710,台灣小吃/熱炒店
3717,台灣小吃/熱炒店
3719,
3729,中式
3739,台灣小吃/熱炒店
3745,早午餐
3753,異國料理
3762,台灣小吃/熱炒店
3770,
3779,台灣小吃/熱炒店
3790,火鍋
3795,早午餐
3815,台灣小吃/熱炒店
3819,
3822,
3826,酒吧/餐酒館
3859,港式
3868,日式
3872,意式
3874,酒吧/餐酒館
3876,台灣小吃/熱炒店
3897,台灣小吃/熱炒店
3900,台灣小吃/熱炒店
3924,台灣小吃/熱炒店
3938,台灣小吃/熱炒店
3945,咖啡甜點
3965,台灣小吃/熱炒店
3976,
3985,日式
3997,酒吧/餐酒館
3998,酒吧/餐酒館
4002,台灣小吃/熱炒店
4005,台灣小吃/熱炒店
4014,台灣小吃/熱炒店
4016,酒吧/餐酒館
4017,酒吧/餐酒館
4018,美式
4028,咖啡甜點
4046,港式
4052,意式
4053,台灣小吃/熱炒店
4059,台灣小吃/熱炒店
4062,
4064,台灣小吃/熱炒店
4068,台灣小吃/熱炒店
4071,日式
4080,日式
4086,日式
4097,早午餐
4105,
4109,咖啡甜點
4121,台灣小吃/熱炒店
4126,台灣小吃/熱炒店
4136,火鍋
4137,
4143,酒吧/餐酒館
4149,日式
4162,
4163,酒吧/餐酒館
4167,酒吧/餐酒館
4173,
4187,
4190,台灣小吃/熱炒店
4191,台灣小吃/熱炒店
4205,台灣小吃/熱炒店
4208,美式
4209,
4214,台灣小吃/熱炒店
4225,台灣小吃/熱炒店
4226,台灣小吃/熱炒店
4255,
4259,酒吧/餐酒館
4263,台灣小吃/熱炒店
4268,意式
4269,
4274,台灣小吃/熱炒店
4281,
4298,台灣小吃/熱炒店
4301,台灣小吃/熱炒店
4302,美式
4304,
4307,港式
4308,意式
4309,
4318,咖啡甜點
4329,咖啡甜點
4330,早午餐
4332,早午餐
4356,台灣小吃/熱炒店
4357,台灣小吃/熱炒店
4358,台灣小吃/熱炒店
4360,台灣小吃/熱炒店
4375,
4384,
4388,早午餐
4393,台灣小吃/熱炒店
4409,
4412,台灣小吃/熱炒店
4419,
4427,
4428,台灣小吃/熱炒店
4439,酒吧/餐酒館
4441,咖啡甜點
4454,台灣小吃/熱炒店
4471,南洋
4478,酒吧/餐酒館
4479,酒吧/餐酒館
4496,台灣小吃/熱炒店
4498,酒吧/餐酒館
4500,
4501,台灣小吃/熱炒店
4506,台灣小吃/熱炒店
4510,
4512,台灣小吃/熱炒店
4515,早午餐
4516,早午餐
4518,台灣小吃/熱炒店
4522,港式
4528,異國料理
4533,
4534,酒吧/餐酒館
4536,酒吧/餐酒館
4537,異國料理
4541,意式
4542,美式
4543,港式
4545,
4547,
4552,
4567,
4573,
4575,台灣小吃/熱炒店
4581,台灣小吃/熱炒店
4590,南洋
4602,咖啡甜點
4612,台灣小吃/熱炒店
4624,咖啡甜點
4634,
4661,燒烤店
4663,
4675,燒烤店
4678,異國料理
4680,台灣小吃/熱炒店
4690,咖啡甜點
4696,台灣小吃/熱炒店
4719,日式
4723,日式
4729,咖啡甜點
4735,咖啡甜點
4778,
4779,日式
4786,台灣小吃/熱炒店
4800,咖啡甜點
4813,咖啡甜點
4816,咖啡甜點
4817,台灣小吃/熱炒店
4828,火鍋
4831,台灣小吃/熱炒店
4836,台灣小吃/熱炒店
4862,台灣小吃/熱炒店
4869,美式
4870,台灣小吃/熱炒店
4877,台灣小吃/熱炒店
4879,台灣小吃/熱炒店
4880,台灣小吃/熱炒店
4881,台灣小吃/熱炒店
4882,
4883,台灣小吃/熱炒店
4891,
4896,咖啡甜點
4902,酒吧/餐酒館
4906,咖啡甜點
4907,咖啡甜點
4919,燒烤店
4921,中式
4922,台灣小吃/熱炒店
4938,咖啡甜點
4939,日式
4949,酒吧/餐酒館
4953,台灣小吃/熱炒店
4969,酒吧/餐酒館
4993,台灣小吃/熱炒店
4997,台灣小吃/熱炒店
4999,韓式
5002,咖啡甜點
5004,日式
5008,素食
5035,火鍋
5042,燒烤店
5045,異國料理
5070,中式
5078,中式
5093,中式
5094,火鍋
5115,異國料理
5133,
5140,台灣小吃/熱炒店
5143,港式
5146,咖啡甜點
5157,台灣小吃/熱炒店
5161,酒吧/餐酒館
5162,台灣小吃/熱炒店
5166,早午餐
5171,台灣小吃/熱炒店
5176,燒烤店
5177,燒烤店
5178,台灣小吃/熱炒店
5179,台灣小吃/熱炒店
5181,中式
5191,台灣小吃/熱炒店
5199,台灣小吃/熱炒店
5200,台灣小吃/熱炒店
5201,台灣小吃/熱炒店
5204,台灣小吃/熱炒店
5205,台灣小吃/熱炒店
5243,酒吧/餐酒館
5269,
5275,台灣小吃/熱炒店
5295,台灣小吃/熱炒店
5299,
5307,台灣小吃/熱炒店
5327,
5332,台灣小吃/熱炒店
5348,
5349,火鍋
5352,中式
5358,燒烤店
5368,早午餐
5386,台灣小吃/熱炒店
5400,台灣小吃/熱炒店
5403,中式
5406,
5408,意式
5412,意式
5413,咖啡甜點
5414,咖啡甜點
5415,咖啡甜點
5416,日式
5427,日式
5430,早午餐
5435,中式
5452,
5459,韓式
5464,南洋
5465,南洋
5487,日式
5505,南洋
5512,酒吧/餐酒館
5530,日式
5539,台灣小吃/熱炒店
5540,
5546,酒吧/餐酒館
5560,
5562,
5565,台灣小吃/熱炒店
5571,台灣小吃/熱炒店
5576,火鍋
5586,酒吧/餐酒館
5594,中式
5601,
5602,
5606,日式
5619,台灣小吃/熱炒店
5622,異國料理
5627,南洋
5658,港式
5661,港式
5686,台灣小吃/熱炒店
5702,酒吧/餐酒館
5723,早午餐
5744,
5746,台灣小吃/熱炒店
5758,台灣小吃/熱炒店
5760,中式
5768,異國料理
5778,早午餐
5783,中式
5793,
5794,台灣小吃/熱炒店
5804,異國料理
5814,台灣小吃/熱炒店
5820,台灣小吃/熱炒店
5822,意式
5824,意式
5830,台灣小吃/熱炒店
5840,素食
5842,早午餐
5845,咖啡甜點
5852,台灣小吃/熱炒店
5853,台灣小吃/熱炒店
5855,台灣小吃/熱炒店
5859,咖啡甜點
5879,中式
5882,中式
5883,火鍋
5884,中式
5885,日式
5886,中式
5891,
5906,中式
5914,
5916,台灣小吃/熱炒店
5918,台灣小吃/熱炒店
5928,咖啡甜點
5932,咖啡甜點
5934,中式
5937,台灣小吃/熱炒店
5942,咖啡甜點
5958,中式
5977,中式
5978,台灣小吃/熱炒店
5991,台灣小吃/熱炒店
6003,台灣小吃/熱炒店
6005,台灣小吃/熱炒店
6006,台灣小吃/熱炒店
6012,南洋
6014,台灣小吃/熱炒店
6028,日式
6030,火鍋
6047,美式
6049,中式
6052,意式
6064,咖啡甜點
6068,台灣小吃/熱炒店
6098,台灣小吃/熱炒店
6104,台灣小吃/熱炒店
6112,台灣小吃/熱炒店
6113,
6118,
6120,
6131,
6145,港式
6146,港式
6148,港式
6164,日式
6165,意式
6167,中式
6171,中式
6178,港式
6180,台灣小吃/熱炒店
6181,台灣小吃/熱炒店
6182,酒吧/餐酒館
6189,南洋
6198,台灣小吃/熱炒店
6200,台灣小吃/熱炒店
6203,台灣小吃/熱炒店
6205,台灣小吃/熱炒店
6219,中式
6220,中式
6221,中式
6228,台灣小吃/熱炒店
6240,南洋
6246,台灣小吃/熱炒店
6253,台灣小吃/熱炒店
6259,中式
6261,台灣小吃/熱炒店
6262,台灣小吃/熱炒店
6282,日式
6285,港式
6288,火鍋
6294,中式
6301,燒烤店
6303,
6304,異國料理
6311,
6321,
6327,台灣小吃/熱炒店
6339,台灣小吃/熱炒店
6341,異國料理
6345,台灣小吃/熱炒店
6348,酒吧/餐酒館
6361,台灣小吃/熱炒店
6370,酒吧/餐酒館
6376,意式
6382,台灣小吃/熱炒店
6386,酒吧/餐酒館
6388,酒吧/餐酒館
6390,中式
6397,意式
6398,台灣小吃/熱炒店
6399,
6401,日式
6408,
6411,中式
6415,意式
6428,日式
6435,酒吧/餐酒館
6438,台灣小吃/熱炒店
6439,中式
6445,
6452,
6459,台灣小吃/熱炒店
6464,
6476,中式
6493,中式
6502,火鍋
6512,台灣小吃/熱炒店
6513,日式
6531,異國料理
6541,異國料理
6550,中式
6556,中式
6561,火鍋
6566,火鍋
6569,
6575,中式
6576,咖啡甜點
6578,
6583,酒吧/餐酒館
6593,
6597,酒吧/餐酒館
6605,台灣小吃/熱炒店
6606,台灣小吃/熱炒店
6613,異國料理
6614,日式
6617,中式
6618,中式
6624,異國料理
6630,中式
6649,台灣小吃/熱炒店
6650,中式
6651,中式
6662,日式
6665,日式
6668,中式
6689,中式
6700,酒吧/餐酒館
6701,異國料理
6709,中式
6738,日式
6753,酒吧/餐酒館
6766,日式
6767,日式
6778,異國料理
6797,異國料理
6799,異國料理
6805,意式
6806,異國料理
6807,南洋
6809,酒吧/餐酒館
6820,台灣小吃/熱炒店
6830,異國料理
6835,咖啡甜點
6836,異國料理
6853,南洋
6854,南洋
6864,意式
6905,日式
6906,台灣小吃/熱炒店
6908,早午餐
6910,中式
6911,燒烤店
6930,中式
6939,中式
6940,中式
6946,酒吧/餐酒館
6980,素食
6983,酒吧/餐酒館
7009,台灣小吃/熱炒店
7012,中式
7013,中式
7015,台灣小吃/熱炒店
7032,早午餐
7052,早午餐
7058,台灣小吃/熱炒店
7071,日式
7076,
7078,
7085,燒烤店
7088,港式
7089,美式
7100,中式
7106,日式
7110,火鍋
7134,酒吧/餐酒館
7144,
7149,中式
7164,異國料理
7170,異國料理
7183,台灣小吃/熱炒店
7186,台灣小吃/熱炒店
7197,異國料理
7226,
7253,異國料理
7255,
7262,早午餐
7277,南洋
7279,中式
7288,美式
7290,
7291,異國料理
7297,異國料理
7298,港式
7304,咖啡甜點
7319,異國料理
7332,
7337,中式
7359,中式
7364,中式
7371,日式
7386,中式
7387,中式
7396,中式
7405,中式
7427,台灣小吃/熱炒店
7433,異國料理
7447,素食
7451,咖啡甜點
7456,中式
7458,咖啡甜點
7477,酒吧/餐酒館
7485,異國料理
7490,南洋
7494,咖啡甜點
7506,意式
7519,中式
7521,
7525,南洋
7526,酒吧/餐酒館
7531,港式
7533,港式
7536,港式
7541,異國料理
7546,
7556,火鍋
7606,異國料理
7612,美式
7613,
7614,意式
7624,台灣小吃/熱炒店
7635,中式
7638,
7653,意式
7654,中式
7658,台灣小吃/熱炒店
7675,台灣小吃/熱炒店
7678,台灣小吃/熱炒店
7679,意式
7682,台灣小吃/熱炒店
7683,台灣小吃/熱炒店
7684,台灣小吃/熱炒店
7685,台灣小吃/熱炒店
7688,中式
7689,台灣小吃/熱炒店
7690,早午餐
7693,台灣小吃/熱炒店
7703,
7707,
7710,酒吧/餐酒館
7711,中式
7724,
7727,台灣小吃/熱炒店
7741,
7752,咖啡甜點
7764,
7767,台灣小吃/熱炒店
7774,
7778,台灣小吃/熱炒店
7779,酒吧/餐酒館
7781,火鍋
7784,異國料理
7791,
7795,台灣小吃/熱炒店
7796,台灣小吃/熱炒店
7815,異國料理
7825,酒吧/餐酒館
7831,
7846,
7855,美式
7868,火鍋
7877,火鍋
7887,火鍋
7899,南洋
7905,
7921,中式
7926,中式
7929,酒吧/餐酒館
7932,火鍋
7934,異國料理
7935,中式
7937,
7943,韓式
7951,意式
7952,酒吧/餐酒館
7956,
7965,
7968,酒吧/餐酒館
7972,台灣小吃/熱炒店
7973,異國料理
7977,素食
7980,素食
7993,酒吧/餐酒館
7994,酒吧/餐酒館
7997,酒吧/餐酒館
7998,酒吧/餐酒館
8004,酒吧/餐酒館
8017,咖啡甜點
8032,
8041,中式
8046,中式
8049,火鍋
8056,中式
8063,台灣小吃/熱炒店
8064,日式
8065,中式
8066,台灣小吃/熱炒店
8069,
8074,台灣小吃/熱炒店
8080,中式
8082,中式
8086,中式
8088,日式
8092,
8094,中式
8097,台灣小吃/熱炒店
8103,
8107,
8108,
8125,異國料理
8132,
8133,南洋
8134,異國料理
8139,台灣小吃/熱炒店
8144,
8153,
8157,台灣小吃/熱炒店
8163,
8172,台灣小吃/熱炒店
8178,台灣小吃/熱炒店
8180,台灣小吃/熱炒店
8183,
8186,日式
8192,台灣小吃/熱炒店
8198,台灣小吃/熱炒店
8202,異國料理
8232,中式
8234,台灣小吃/熱炒店
8236,台灣小吃/熱炒店
8253,火鍋
8254,台灣小吃/熱炒店
8259,早午餐
8267,意式
8282,日式
8288,酒吧/餐酒館
8296,
8301,早午餐
8311,台灣小吃/熱炒店
8332,
8334,日式
8335,美式
8349,台灣小吃/熱炒店
8353,
8354,意式
8357,酒吧/餐酒館
8370,
8373,美式
8381,
8385,早午餐
8386,
8388,
8389,日式
8395,酒吧/餐酒館
8401,
8403,早午餐
8407,
8412,
8415,
8418,台灣小吃/熱炒店
8419,台灣小吃/熱炒店
8423,
8424,台灣小吃/熱炒店
8433,
8439,早午餐
8448,火鍋
8454,
8459,
8460,
8465,
8475,
8491,中式
8494,台灣小吃/熱炒店
8496,
8498,台灣小吃/熱炒店
8501,
8511,異國料理
8515,
8520,台灣小吃/熱炒店
8536,日式
8540,
8543,台灣小吃/熱炒店
8547,台灣小吃/熱炒店
8549,日式
8554,
8557,異國料理
8561,台灣小吃/熱炒店
8569,
8572,台灣小吃/熱炒店
8574,台灣小吃/熱炒店
8576,中式
8582,港式
8584,
8591,
8594,中式
8608,
8611,台灣小吃/熱炒店
8615,台灣小吃/熱炒店
8620,異國料理
8622,中式
8624,台灣小吃/熱炒店
8630,台灣小吃/熱炒店
8638,台灣小吃/熱炒店
8639,台灣小吃/熱炒店
8641,台灣小吃/熱炒店
8643,台灣小吃/熱炒店
8645,中式
8662,咖啡甜點
8664,日式
8670,中式
8674,咖啡甜點
8691,
8703,中式
8713,中式
8717,中式
8719,台灣小吃/熱炒店
8720,
8724,台灣小吃/熱炒店
8726,中式
8759,早午餐
8761,意式
8781,台灣小吃/熱炒店
8794,中式
8795,
8807,中式
8817,港式
8827,台灣小吃/熱炒店
8828,台灣小吃/熱炒店
8829,台灣小吃/熱炒店
8844,台灣小吃/熱炒店
8846,台灣小吃/熱炒店
8853,
8854,台灣小吃/熱炒店
8857,台灣小吃/熱炒店
8862,日式
8865,意式
8866,異國料理
8868,
8870,意式
8877,台灣小吃/熱炒店
8878,意式
8885,
8889,台灣小吃/熱炒店
8891,
8898,
8916,早午餐
8924,台灣小吃/熱炒店
8925,台灣小吃/熱炒店
8934,台灣小吃/熱炒店
8935,酒吧/餐酒館
8936,台灣小吃/熱炒店
8952,台灣小吃/熱炒店
8955,
8957,
8962,台灣小吃/熱炒店
8974,中式
8975,
8976,日式
8984,日式
8992,異國料理
8994,
8995,台灣小吃/熱炒店
8997,
9003,意式
9009,日式
9019,火鍋
9021,火鍋
9022,台灣小吃/熱炒店
9034,酒吧/餐酒館
9035,意式
9038,港式
9047,南洋
9052,日式
9067,燒烤店
9069,中式
9075,
9095,台灣小吃/熱炒店
9096,日式
9097,台灣小吃/熱炒店
9107,
9124,台灣小吃/熱炒店
9125,
9126,早午餐
9134,咖啡甜點
9143,南洋
9148,台灣小吃/熱炒店
9154,台灣小吃/熱炒店
9165,異國料理
9169,台灣小吃/熱炒店
9178,南洋
9188,早午餐
9193,日式
9204,咖啡甜點
9205,中式
9206,
9210,早午餐
9211,台灣小吃/熱炒店
9212,台灣小吃/熱炒店
9237,台灣小吃/熱炒店
9240,
9241,
9242,異國料理
9243,台灣小吃/熱炒店
9249,
9251,台灣小吃/熱炒店
9254,中式
9258,台灣小吃/熱炒店
9281,台灣小吃/熱炒店
9282,中式
9284,
9285,台灣小吃/熱炒店
9287,台灣小吃/熱炒店
9288,台灣小吃/熱炒店
9305,中式
9308,台灣小吃/熱炒店
9309,
9313,中式
9315,台灣小吃/熱炒店
9317,中式
9320,
9321,台灣小吃/熱炒店
9325,異國料理
9331,台灣小吃/熱炒店
9335,意式
9336,
9348,異國料理
9350,南洋
9363,台灣小吃/熱炒店
9365,台灣小吃/熱炒店
9373,中式
9375,異國料理
9388,中式
9390,台灣小吃/熱炒店
9393,日式
9400,火鍋
9401,異國料理
9406,
9415,咖啡甜點
9436,南洋
9442,異國料理
9450,
9460,台灣小吃/熱炒店
9483,意式
9498,酒吧/餐酒館
9501,台灣小吃/熱炒店
9513,台灣小吃/熱炒店
9527,台灣小吃/熱炒店
9530,中式
9533,日式
9550,韓式
9559,異國料理
9579,台灣小吃/熱炒店
9602,台灣小吃/熱炒店
9615,
9634,日式
9641,日式
9646,日式
9659,台灣小吃/熱炒店
9670,中式
9684,
9688,台灣小吃/熱炒店
9690,咖啡甜點
9696,咖啡甜點
9704,日式
9709,
9710,台灣小吃/熱炒店
9718,日式
9720,
9730,日式
9732,咖啡甜點
9741,
9742,台灣小吃/熱炒店
9761,異國料理
9770,異國料理
9772,日式
9776,
9777,
9784,台灣小吃/熱炒店
9794,台灣小吃/熱炒店
9797,台灣小吃/熱炒店
9802,火鍋
9812,意式
9813,日式
9817,
9819,
9830,意式
9833,火鍋
9836,
9840,異國料理
9848,
9849,
9852,早午餐
9859,台灣小吃/熱炒店
9865,南洋
9889,台灣小吃/熱炒店
9890,台灣小吃/熱炒店
9892,港式
9895,
9898,台灣小吃/熱炒店
9901,台灣小吃/熱炒店
9910,台灣小吃/熱炒店
9913,日式
9914,台灣小吃/熱炒店
9924,港式
9941,意式
9965,台灣小吃/熱炒店
9966,台灣小吃/熱炒店
9975,異國料理
9976,
9980,日式
9989,意式
9995,港式
9996,台灣小吃/熱炒店
10004,台灣小吃/熱炒店
10005,台灣小吃/熱炒店
10016,台灣小吃/熱炒店
10018,台灣小吃/熱炒店
10021,台灣小吃/熱炒店
10027,台灣小吃/熱炒店
10035,
10037,咖啡甜點
10045,台灣小吃/熱炒店
10054,日式
10070,台灣小吃/熱炒店
10087,台灣小吃/熱炒店
10088,台灣小吃/熱炒店
10089,台灣小吃/熱炒店
10092,咖啡甜點
10093,早午餐
10094,早午餐
10099,中式
10100,台灣小吃/熱炒店
10102,咖啡甜點
10112,
10130,
10131,
10133,台灣小吃/熱炒店
10139,
10156,
10160,日式
10166,
10189,台灣小吃/熱炒店
10192,異國料理
10202,
10204,
10208,咖啡甜點
10223,台灣小吃/熱炒店
10230,日式
10237,台灣小吃/熱炒店
10254,
10255,台灣小吃/熱炒店
10256,
10277,台灣小吃/熱炒店
10279,酒吧/餐酒館
10285,台灣小吃/熱炒店
10298,酒吧/餐酒館
10299,咖啡甜點
10302,日式
10310,台灣小吃/熱炒店
10313,台灣小吃/熱炒店
10314,
10316,台灣小吃/熱炒店
10318,
10325,早午餐
10339,韓式
10345,
10360,咖啡甜點
10372,台灣小吃/熱炒店
10375,台灣小吃/熱炒店
10381,早午餐
10396,咖啡甜點
10402,
10405,中式
10417,
10421,
10423,台灣小吃/熱炒店
10437,台灣小吃/熱炒店
10438,台灣小吃/熱炒店
10439,台灣小吃/熱炒店
10449,
10452,
10455,咖啡甜點
10458,
10459,台灣小吃/熱炒店
10463,
10466,
10468,中式
10469,台灣小吃/熱炒店
10471,
10475,
10482,
10516,台灣小吃/熱炒店
10521,台灣小吃/熱炒店
10533,酒吧/餐酒館
10539,台灣小吃/熱炒店
10543,台灣小吃/熱炒店
10544,
10560,咖啡甜點
10561,
10569,
10571,
10574,
10575,台灣小吃/熱炒店
10597,台灣小吃/熱炒店
10598,
10601,
10607,
10622,日式
10626,素食
10639,異國料理
10642,意式
10656,
10659,
10663,異國料理
10672,早午餐
10676,台灣小吃/熱炒店
10680,
10682,咖啡甜點
10683,咖啡甜點
10689,
10708,
10711,早午餐
10747,
10782,咖啡甜點
10786,台灣小吃/熱炒店
10789,早午餐
10792,
10793,咖啡甜點
10802,意式
10816,
10823,
10837,台灣小吃/熱炒店
10840,台灣小吃/熱炒店
10853,異國料理
10855,台灣小吃/熱炒店
10868,台灣小吃/熱炒店
10870,台灣小吃/熱炒店
10873,台灣小吃/熱炒店
10875,港式
10887,台灣小吃/熱炒店
10889,台灣小吃/熱炒店
10899,台灣小吃/熱炒店
10906,美式
10914,台灣小吃/熱炒店
10955,台灣小吃/熱炒店
10956,異國料理
10963,
10968,
10970,燒烤店
10983,意式
10987,酒吧/餐酒館
10997,台灣小吃/熱炒店
10998,台灣小吃/熱炒店
11003,早午餐
11005,早午餐
11016,南洋
11022,咖啡甜點
11024,
11026,台灣小吃/熱炒店
11035,台灣小吃/熱炒店
11038,意式
11047,
11056,中式
11058,美式
11064,咖啡甜點
11068,台灣小吃/熱炒店
11073,台灣小吃/熱炒店
11075,
11081,台灣小吃/熱炒店
11082,
11087,咖啡甜點
11096,台灣小吃/熱炒店
11108,咖啡甜點
11121,日式
11123,
11124,
11135,早午餐
11136,
11152,南洋
11158,南洋
11162,台灣小吃/熱炒店
11170,台灣小吃/熱炒店
11177,台灣小吃/熱炒店
11186,
11188,
11193,
11195,
11205,
11206,
11207,台灣小吃/熱炒店
11216,台灣小吃/熱炒店
11223,咖啡甜點
11226,
11232,早午餐
11248,台灣小吃/熱炒店
11250,早午餐
11253,異國料理
11257,
11276,台灣小吃/熱炒店
11279,台灣小吃/熱炒店
11281,
11289,台灣小吃/熱炒店
11292,日式
11293,台灣小吃/熱炒店
11296,台灣小吃/熱炒店
11302,
11315,咖啡甜點
11317,日式
11323,
11325,
11328,意式
11330,中式
11337,日式
11347,咖啡甜點
11350,台灣小吃/熱炒店
11355,
11356,美式
11361,意式
11379,台灣小吃/熱炒店
11382,台灣小吃/熱炒店
11384,早午餐
11386,台灣小吃/熱炒店
11395,台灣小吃/熱炒店
11396,意式
11408,咖啡甜點
11410,咖啡甜點
11411,
11416,台灣小吃/熱炒店
11425,台灣小吃/熱炒店
11435,台灣小吃/熱炒店
11438,
11459,素食
11483,台灣小吃/熱炒店
11485,韓式
11489,咖啡甜點
11495,意式
11501,早午餐
11504,美式
11505,
11506,日式
11536,咖啡甜點
11540,台灣小吃/熱炒店
11548,台灣小吃/熱炒店
11549,日式
11550,台灣小吃/熱炒店
11564,早午餐
11565,
11571,
11593,
11596,
11602,火鍋
11615,異國料理
11618,
11619,
11620,中式
11622,意式
11634,意式
11646,
11647,南洋
11657,咖啡甜點
11660,日式
11664,台灣小吃/熱炒店
11665,台灣小吃/熱炒店
11670,台灣小吃/熱炒店
11672,台灣小吃/熱炒店
11683,
11687,
11694,咖啡甜點
11706,
11708,
11711,台灣小吃/熱炒店
11718,台灣小吃/熱炒店
11721,台灣小吃/熱炒店
11723,
11743,台灣小吃/熱炒店
11745,咖啡甜點
11764,台灣小吃/熱炒店
11772,台灣小吃/熱炒店
11774,日式
11775,台灣小吃/熱炒店
11778,台灣小吃/熱炒店
11780,酒吧/餐酒館
11802,異國料理
11807,台灣小吃/熱炒店
11810,台灣小吃/熱炒店
11815,酒吧/餐酒館
11818,台灣小吃/熱炒店
11827,
11828,
11831,台灣小吃/熱炒店
11834,韓式
11835,台灣小吃/熱炒店
11866,台灣小吃/熱炒店
11873,
11874,台灣小吃/熱炒店
11876,
11891,
11897,
11909,咖啡甜點
11911,台灣小吃/熱炒店
11915,
11918,港式
11938,台灣小吃/熱炒店
11942,台灣小吃/熱炒店
11946,台灣小吃/熱炒店
11960,台灣小吃/熱炒店
11963,台灣小吃/熱炒店
11976,異國料理
11977,台灣小吃/熱炒店
11987,酒吧/餐酒館
11991,
12004,台灣小吃/熱炒店
12006,美式
12016,咖啡甜點
12018,台灣小吃/熱炒店
12023,日式
12025,台灣小吃/熱炒店
12028,酒吧/餐酒館
12036,台灣小吃/熱炒店
12038,港式
12039,台灣小吃/熱炒店
12043,台灣小吃/熱炒店
12044,
12052,台灣小吃/熱炒店
12054,
12056,韓式
12061,中式
12084,台灣小吃/熱炒店
12087,台灣小吃/熱炒店
12088,
12089,台灣小吃/熱炒店
12092,台灣小吃/熱炒店
12095,日式
12098,台灣小吃/熱炒店
12104,
12108,港式
12110,
12115,台灣小吃/熱炒店
12136,台灣小吃/熱炒店
12145,台灣小吃/熱炒店
12179,
12192,台灣小吃/熱炒店
12193,台灣小吃/熱炒店
12195,台灣小吃/熱炒店
12201,
12203,台灣小吃/熱炒店
12212,
12226,意式
12239,咖啡甜點
12258,台灣小吃/熱炒店
12273,台灣小吃/熱炒店
12275,台灣小吃/熱炒店
12278,台灣小吃/熱炒店
12282,台灣小吃/熱炒店
12292,台灣小吃/熱炒店
12297,台灣小吃/熱炒店
12305,日式
12317,台灣小吃/熱炒店
12320,異國料理
12324,咖啡甜點
12336,
12345,台灣小吃/熱炒店
12346,
12353,台灣小吃/熱炒店
12357,咖啡甜點
12358,咖啡甜點
12361,酒吧/餐酒館
12364,燒烤店
12366,台灣小吃/熱炒店
12369,異國料理
12370,台灣小吃/熱炒店
12373,中式
12374,台灣小吃/熱炒店
12382,台灣小吃/熱炒店
12388,
12392,燒烤店
12396,台灣小吃/熱炒店
12408,
12416,意式
12421,台灣小吃/熱炒店
12423,異國料理
12429,日式
12433,
12444,
12449,酒吧/餐酒館
12450,咖啡甜點
12453,咖啡甜點
12469,
12472,台灣小吃/熱炒店
12476,
12484,南洋
12507,
12508,酒吧/餐酒館
12517,台灣小吃/熱炒店
12518,異國料理
12520,台灣小吃/熱炒店
12537,
12539,中式
12543,台灣小吃/熱炒店
12544,台灣小吃/熱炒店
12559,咖啡甜點
12560,日式
12564,
12567,
12570,
12575,台灣小吃/熱炒店
12576,台灣小吃/熱炒店
12590,台灣小吃/熱炒店
12593,台灣小吃/熱炒店
12595,台灣小吃/熱炒店
12600,中式
12603,燒烤店
12613,台灣小吃/熱炒店
12622,中式
12627,燒烤店
12638,台灣小吃/熱炒店
12639,
12650,台灣小吃/熱炒店
12652,
12654,
12659,
12665,酒吧/餐酒館
12672,台灣小吃/熱炒店
12683,異國料理
12688,異國料理
12713,台灣小吃/熱炒店
12722,火鍋
12727,台灣小吃/熱炒店
12737,
12743,台灣小吃/熱炒店
12748,台灣小吃/熱炒店
12754,台灣小吃/熱炒店
12763,台灣小吃/熱炒店
12766,意式
12770,港式
12771,台灣小吃/熱炒店
12783,酒吧/餐酒館
12796,台灣小吃/熱炒店
12799,台灣小吃/熱炒店
12812,咖啡甜點
12814,港式
12825,台灣小吃/熱炒店
12831,台灣小吃/熱炒店
12832,咖啡甜點
12834,
12841,
12846,台灣小吃/熱炒店
12856,台灣小吃/熱炒店
12862,
12870,港式
12876,台灣小吃/熱炒店
12884,咖啡甜點
12898,
12903,
12910,
12911,港式
12921,日式
12926,早午餐
12938,咖啡甜點
12941,台灣小吃/熱炒店
12944,台灣小吃/熱炒店
12951,酒吧/餐酒館
12986,
12987,
12994,台灣小吃/熱炒店
12997,台灣小吃/熱炒店
13001,台灣小吃/熱炒店
13014,台灣小吃/熱炒店
13031,台灣小吃/熱炒店
13035,
13037,台灣小吃/熱炒店
13038,台灣小吃/熱炒店
13041,美式
13043,台灣小吃/熱炒店
13045,
13047,
13050,台灣小吃/熱炒店
13054,台灣小吃/熱炒店
13058,
13061,台灣小吃/熱炒店
13063,異國料理
13069,異國料理
13071,咖啡甜點
13077,台灣小吃/熱炒店
13080,酒吧/餐酒館
13085,異國料理
13087,
13092,台灣小吃/熱炒店
13095,台灣小吃/熱炒店
13101,意式
13104,火鍋
13106,台灣小吃/熱炒店
13109,台灣小吃/熱炒店
13110,
13112,
13120,早午餐
13136,異國料理
13144,台灣小吃/熱炒店
13145,
13154,咖啡甜點
13180,台灣小吃/熱炒店
13181,台灣小吃/熱炒店
13183,酒吧/餐酒館
13201,南洋
13210,
13212,台灣小吃/熱炒店
13214,台灣小吃/熱炒店
13215,
13242,咖啡甜點
13249,酒吧/餐酒館
13250,台灣小吃/熱炒店
13254,
13257,燒烤店
13268,酒吧/餐酒館
13270,台灣小吃/熱炒店
13271,日式
13288,
13316,台灣小吃/熱炒店
13324,台灣小吃/熱炒店
13333,
13337,咖啡甜點
13345,
13348,
13355,台灣小吃/熱炒店
13356,台灣小吃/熱炒店
13358,台灣小吃/熱炒店
13361,
13364,台灣小吃/熱炒店
13365,南洋
13386,台灣小吃/熱炒店
13391,
13392,台灣小吃/熱炒店
13397,台灣小吃/熱炒店
13401,
13402,日式
13404,火鍋
13413,台灣小吃/熱炒店
13414,台灣小吃/熱炒店
13416,火鍋
13420,台灣小吃/熱炒店
13421,台灣小吃/熱炒店
13424,中式
13426,意式
13429,台灣小吃/熱炒店
13432,台灣小吃/熱炒店
13434,台灣小吃/熱炒店
13436,台灣小吃/熱炒店
13438,台灣小吃/熱炒店
13446,韓式
13457,台灣小吃/熱炒店
13461,
13463,早午餐
13465,台灣小吃/熱炒店
13466,韓式
13472,早午餐
13473,
13477,台灣小吃/熱炒店
13478,台灣小吃/熱炒店
13479,日式
13486,台灣小吃/熱炒店
13492,早午餐
13500,日式
13502,異國料理
13507,咖啡甜點
13523,台灣小吃/熱炒店
13535,
13541,台灣小吃/熱炒店
13542,早午餐
13543,台灣小吃/熱炒店
13552,日式
13554,意式
13558,
13561,台灣小吃/熱炒店
13563,
13564,異國料理
13568,日式
13571,
13577,
13581,意式
13589,意式
13590,
13598,異國料理
13605,台灣小吃/熱炒店
13610,台灣小吃/熱炒店
13612,
13614,
13625,
13634,異國料理
13639,
13640,台灣小吃/熱炒店
13645,台灣小吃/熱炒店
13655,台灣小吃/熱炒店
13658,意式
13664,台灣小吃/熱炒店
13666,台灣小吃/熱炒店
13671,台灣小吃/熱炒店
13674,咖啡甜點
13675,
13676,意式
13677,
13682,台灣小吃/熱炒店
13685,
13689,咖啡甜點
13692,港式
13693,港式
13705,異國料理
13715,台灣小吃/熱炒店
13717,台灣小吃/熱炒店
13718,港式
13721,台灣小吃/熱炒店
13724,台灣小吃/熱炒店
13731,中式
13736,台灣小吃/熱炒店
13737,
13743,意式
13745,台灣小吃/熱炒店
13753,台灣小吃/熱炒店
13754,台灣小吃/熱炒店
13757,台灣小吃/熱炒店
13761,
13762,
13796,酒吧/餐酒館
13798,
13801,咖啡甜點
13802,意式
13803,台灣小吃/熱炒店
13810,台灣小吃/熱炒店
13817,酒吧/餐酒館
13821,咖啡甜點
13823,台灣小吃/熱炒店
13824,台灣小吃/熱炒店
13825,台灣小吃/熱炒店
13831,酒吧/餐酒館
13837,台灣小吃/熱炒店
13840,港式
13846,台灣小吃/熱炒店
13849,
13886,台灣小吃/熱炒店
13887,
13894,台灣小吃/熱炒店
13896,港式
13910,台灣小吃/熱炒店
13911,
13929,日式
13937,港式
13942,素食
13944,素食
13947,
13958,台灣小吃/熱炒店
13964,燒烤店
13966,
13968,燒烤店
13971,酒吧/餐酒館
13972,酒吧/餐酒館
14007,咖啡甜點
14009,台灣小吃/熱炒店
14014,台灣小吃/熱炒店
14016,韓式
14022,台灣小吃/熱炒店
14023,
14025,台灣小吃/熱炒店
14027,
14028,中式
14038,台灣小吃/熱炒店
14040,日式
14049,台灣小吃/熱炒店
14051,早午餐
14066,咖啡甜點
14080,台灣小吃/熱炒店
14090,
14092,早午餐
14093,早午餐
14109,台灣小吃/熱炒店
14116,台灣小吃/熱炒店
14127,台灣小吃/熱炒店
14129,
14130,台灣小吃/熱炒店
14133,台灣小吃/熱炒店
14139,
14140,
14144,異國料理
14146,台灣小吃/熱炒店
14147,
14150,火鍋
14153,台灣小吃/熱炒店
14155,
14156,台灣小吃/熱炒店
14160,
14161,
14169,
14179,素食
14180,
14184,台灣小吃/熱炒店
14188,
14191,台灣小吃/熱炒店
14193,
14200,台灣小吃/熱炒店
14208,台灣小吃/熱炒店
14211,台灣小吃/熱炒店
14221,台灣小吃/熱炒店
14229,
14231,台灣小吃/熱炒店
14232,
14236,
14252,意式
14257,早午餐
14259,
14260,
14262,
14266,意式
14267,台灣小吃/熱炒店
14270,
14289,
14290,
14291,
14309,台灣小吃/熱炒店
14313,
14324,
14338,異國料理
14339,
14341,
14342,
14346,
14348,港式
14353,異國料理
14355,
14356,
14357,
14362,
14364,
14366,
14368,
14369,
14371,
14377,早午餐
14415,咖啡甜點
14425,台灣小吃/熱炒店
14431,早午餐
14432,
14433,
14435,
14437,美式
14438,意式
14447,
14448,早午餐
14451,
14455,台灣小吃/熱炒店
14458,火鍋
14460,
14467,台灣小吃/熱炒店
14471,
14474,
14482,
14484,台灣小吃/熱炒店
14487,日式
14489,
14495,台灣小吃/熱炒店
14497,
14506,
14511,台灣小吃/熱炒店
14512,台灣小吃/熱炒店
14514,台灣小吃/熱炒店
14524,咖啡甜點
14525,異國料理
14530,台灣小吃/熱炒店
14533,意式
14535,
14537,台灣小吃/熱炒店
14542,台灣小吃/熱炒店
14544,台灣小吃/熱炒店
14558,台灣小吃/熱炒店
14567,
14588,
14589,
14590,酒吧/餐酒館
14592,港式
14597,
14603,
14609,早午餐
14611,早午餐
14614,
14616,
14620,
14623,
14626,台灣小吃/熱炒店
14627,台灣小吃/熱炒店
14641,早午餐
14653,早午餐
14678,酒吧/餐酒館
14680,
14682,早午餐
14684,早午餐
14692,
14693,台灣小吃/熱炒店
14697,火鍋
14718,意式
14720,台灣小吃/熱炒店
14721,台灣小吃/熱炒店
14724,台灣小吃/熱炒店
14727,美式
14733,台灣小吃/熱炒店
14735,台灣小吃/熱炒店
14736,
14738,
14741,
14742,台灣小吃/熱炒店
14745,台灣小吃/熱炒店
14747,
14752,台灣小吃/熱炒店
14754,早午餐
14757,
14762,
14766,酒吧/餐酒館
14774,
14775,
14776,
14778,
14779,
14785,
14786,
14806,台灣小吃/熱炒店
14810,台灣小吃/熱炒店
14811,
14817,
14818,
14819,日式
14821,
14827,
14828,台灣小吃/熱炒店
14833,台灣小吃/熱炒店
14835,火鍋
14843,
14844,
14849,台灣小吃/熱炒店
14856,咖啡甜點
14872,異國料理
14886,
14890,早午餐
14894,
14895,咖啡甜點
14896,酒吧/餐酒館
14899,異國料理
14910,台灣小吃/熱炒店
14921,台灣小吃/熱炒店
14926,日式
14930,台灣小吃/熱炒店
14932,台灣小吃/熱炒店
14939,日式
14943,咖啡甜點
14954,
14957,台灣小吃/熱炒店
14958,早午餐
14959,台灣小吃/熱炒店
14977,台灣小吃/熱炒店
14983,台灣小吃/熱炒店
14985,
14997,台灣小吃/熱炒店
15006,
15018,台灣小吃/熱炒店
15020,
15021,早午餐
15022,台灣小吃/熱炒店
15027,
15037,
15042,台灣小吃/熱炒店
15047,台灣小吃/熱炒店
15051,
15063,台灣小吃/熱炒店
15080,咖啡甜點
15082,
15091,台灣小吃/熱炒店
15093,台灣小吃/熱炒店
15095,
15104,早午餐
15112,
15113,
15158,台灣小吃/熱炒店
15161,台灣小吃/熱炒店
15162,台灣小吃/熱炒店
15170,台灣小吃/熱炒店
15173,台灣小吃/熱炒店
15176,台灣小吃/熱炒店
15177,台灣小吃/熱炒店
15182,
15183,
15191,台灣小吃/熱炒店
15195,台灣小吃/熱炒店
15201,
15202,
15203,台灣小吃/熱炒店
15206,台灣小吃/熱炒店
15210,火鍋
15217,台灣小吃/熱炒店
15218,
15225,台灣小吃/熱炒店
15230,台灣小吃/熱炒店
15250,
15253,早午餐
15254,
15256,
15260,台灣小吃/熱炒店
15263,意式
15264,台灣小吃/熱炒店
15275,台灣小吃/熱炒店
15277,
15278,
15280,台灣小吃/熱炒店
15282,
15284,
15287,台灣小吃/熱炒店
15288,台灣小吃/熱炒店
15289,台灣小吃/熱炒店
15294,意式
15300,台灣小吃/熱炒店
15304,
15305,
15313,
15315,酒吧/餐酒館
15317,
15319,
15326,
15327,酒吧/餐酒館
15340,台灣小吃/熱炒店
15343,
15344,
15346,台灣小吃/熱炒店
15349,台灣小吃/熱炒店
15351,早午餐
15354,意式
15368,
15372,
15381,台灣小吃/熱炒店
15385,台灣小吃/熱炒店
15391,酒吧/餐酒館
15397,台灣小吃/熱炒店
15398,早午餐
15405,異國料理
15408,台灣小吃/熱炒店
15409,港式
15413,台灣小吃/熱炒店
15417,
15425,
15436,早午餐
15437,台灣小吃/熱炒店
15447,台灣小吃/熱炒店
15448,台灣小吃/熱炒店
15459,港式
15475,台灣小吃/熱炒店
15481,台灣小吃/熱炒店
15482,港式
15485,
15488,台灣小吃/熱炒店
15489,台灣小吃/熱炒店
15490,
15494,
15500,港式
15513,台灣小吃/熱炒店
15532,台灣小吃/熱炒店
15534,台灣小吃/熱炒店
15535,日式
15542,日式
15547,
15558,酒吧/餐酒館
15570,
15575,
15576,
15578,台灣小吃/熱炒店
15583,早午餐
15586,
15588,台灣小吃/熱炒店
15590,
15596,美式
15610,台灣小吃/熱炒店
15612,台灣小吃/熱炒店
15620,台灣小吃/熱炒店
15628,台灣小吃/熱炒店
15631,
15638,"中式"
15647,早午餐
15649,"火鍋"
15668,
15670,台灣小吃/熱炒店
15672,"火鍋"
15675,"火鍋"
15680,"火鍋"
15681,台灣小吃/熱炒店
15684,台灣小吃/熱炒店
15686,
15687,台灣小吃/熱炒店
15688,台灣小吃/熱炒店
15689,酒吧/餐酒館
15693,台灣小吃/熱炒店
15696,
15699,南洋
15704,"火鍋"
15706,台灣小吃/熱炒店
15712,台灣小吃/熱炒店
15714,
15718,日式
15723,台灣小吃/熱炒店
15726,台灣小吃/熱炒店
15727,
15731,台灣小吃/熱炒店
15735,
15741,台灣小吃/熱炒店
15747,
15753,台灣小吃/熱炒店
15755,日式
15757,台灣小吃/熱炒店
15767,
15768,
15770,台灣小吃/熱炒店
15779,
15781,
15790,台灣小吃/熱炒店
15803,日式
15806,日式
15820,
15823,日式
15825,酒吧/餐酒館
15836,台灣小吃/熱炒店
15848,意式
15857,
15873,意式
15876,
15880,台灣小吃/熱炒店
15883,異國料理
15884,
15889,早午餐
15896,
15899,台灣小吃/熱炒店
15902,早午餐
15905,台灣小吃/熱炒店
15921,酒吧/餐酒館
15925,台灣小吃/熱炒店
15932,
15933,意式
15934,
15935,
15940,
15941,
15948,台灣小吃/熱炒店
15949,
15950,台灣小吃/熱炒店
15960,台灣小吃/熱炒店
15964,台灣小吃/熱炒店
15967,台灣小吃/熱炒店
15968,韓式
15973,
15976,
15977,台灣小吃/熱炒店
15978,台灣小吃/熱炒店
15979,
15980,
15981,
15982,台灣小吃/熱炒店
15990,
15999,意式
16006,
16009,日式
16011,台灣小吃/熱炒店
16012,台灣小吃/熱炒店
16013,
16014,港式
16020,
16023,早午餐
16029,
16034,南洋
16035,
16038,意式
16045,
16061,"酒吧/餐酒館"
16117,異國料理
16118,
16120,台灣小吃/熱炒店
16121,台灣小吃/熱炒店
16124,台灣小吃/熱炒店
16125,台灣小吃/熱炒店
16126,台灣小吃/熱炒店
16128,台灣小吃/熱炒店
16130,
16143,台灣小吃/熱炒店
16169,
16187,
16188,咖啡甜點
16202,咖啡甜點
16209,
16210,台灣小吃/熱炒店
16216,
16222,台灣小吃/熱炒店
16229,台灣小吃/熱炒店
16230,
16234,台灣小吃/熱炒店
16236,
16239,台灣小吃/熱炒店
16240,台灣小吃/熱炒店
16243,
16245,
16250,台灣小吃/熱炒店
16259,
16260,台灣小吃/熱炒店
16270,台灣小吃/熱炒店
16272,台灣小吃/熱炒店
16274,台灣小吃/熱炒店
16278,台灣小吃/熱炒店
16280,
16284,
16285,台灣小吃/熱炒店
16293,
16294,台灣小吃/熱炒店
16300,
16301,台灣小吃/熱炒店
16306,
16308,台灣小吃/熱炒店
16309,
16319,
16327,台灣小吃/熱炒店
16328,台灣小吃/熱炒店
16332,台灣小吃/熱炒店
16333,台灣小吃/熱炒店
16334,
16338,
16342,台灣小吃/熱炒店
16346,台灣小吃/熱炒店
16347,台灣小吃/熱炒店
16350,台灣小吃/熱炒店
16356,
16362,台灣小吃/熱炒店
16363,台灣小吃/熱炒店
16368,
16371,
16372,台灣小吃/熱炒店
16373,
16384,台灣小吃/熱炒店
16388,
16404,台灣小吃/熱炒店
16408,
16410,
16411,台灣小吃/熱炒店
16439,
16440,台灣小吃/熱炒店
16446,
16454,
16455,異國料理
16461,
16465,
16468,
16469,南洋
16471,台灣小吃/熱炒店
16481,日式
16485,台灣小吃/熱炒店
16510,早午餐
16513,台灣小吃/熱炒店
16533,
16534,台灣小吃/熱炒店
16536,台灣小吃/熱炒店
16578,
16581,
16582,台灣小吃/熱炒店
16583,台灣小吃/熱炒店
16584,
16589,
16597,
16601,咖啡甜點
16603,台灣小吃/熱炒店
16604,
16610,台灣小吃/熱炒店
16611,
16616,
16619,台灣小吃/熱炒店
16622,台灣小吃/熱炒店
16626,台灣小吃/熱炒店
16628,台灣小吃/熱炒店
16638,
16642,日式
16648,
16654,
16663,台灣小吃/熱炒店
16665,
16672,
16673,酒吧/餐酒館
16684,
16686,
16690,
16691,台灣小吃/熱炒店
16692,
16700,早午餐
16707,台灣小吃/熱炒店
16710,
16712,
16715,台灣小吃/熱炒店
16721,台灣小吃/熱炒店
16724,
16732,
16737,
16742,
16746,台灣小吃/熱炒店
16747,
16755,日式
16757,台灣小吃/熱炒店
16758,台灣小吃/熱炒店
16759,台灣小吃/熱炒店
16782,咖啡甜點
16795,台灣小吃/熱炒店
16801,台灣小吃/熱炒店
16802,台灣小吃/熱炒店
16808,
16813,台灣小吃/熱炒店
16815,台灣小吃/熱炒店
16819,
16825,台灣小吃/熱炒店
16830,
16831,台灣小吃/熱炒店
16832,台灣小吃/熱炒店
16840,酒吧/餐酒館
16852,日式
16853,
16854,台灣小吃/熱炒店
16861,
16862,台灣小吃/熱炒店
16868,意式
16878,台灣小吃/熱炒店
16879,
16880,
16881,早午餐
16882,台灣小吃/熱炒店
16884,
16886,
16887,
16892,台灣小吃/熱炒店
16893,
16899,台灣小吃/熱炒店
16900,台灣小吃/熱炒店
16901,台灣小吃/熱炒店
16902,早午餐
16907,咖啡甜點
16920,
16925,台灣小吃/熱炒店
16934,日式
16941,台灣小吃/熱炒店
16946,台灣小吃/熱炒店
16951,台灣小吃/熱炒店
16952,早午餐
16955,
16958,台灣小吃/熱炒店
16970,酒吧/餐酒館
16972,台灣小吃/熱炒店
16979,意式
17007,日式
17013,日式
17015,意式
17030,
17034,台灣小吃/熱炒店
17035,台灣小吃/熱炒店
17041,咖啡甜點
17042,台灣小吃/熱炒店
17047,
17048,
17049,台灣小吃/熱炒店
17054,台灣小吃/熱炒店
17055,
17056,
17064,台灣小吃/熱炒店
17084,早午餐
17089,咖啡甜點
17109,早午餐
17112,
17126,咖啡甜點
17128,台灣小吃/熱炒店
17131,咖啡甜點
17132,日式
17135,
17137,
17140,
17154,台灣小吃/熱炒店
17175,
17177,
17181,
17182,
17184,
17187,
17189,台灣小吃/熱炒店
17198,
17203,
17211,台灣小吃/熱炒店
17216,台灣小吃/熱炒店
17218,
17219,
17221,
17225,火鍋
17229,
17231,
17233,台灣小吃/熱炒店
17234,
17241,台灣小吃/熱炒店
17244,
17245,早午餐
17246,台灣小吃/熱炒店
17250,意式
17253,美式
17255,
17256,
17259,
17261,台灣小吃/熱炒店
17262,台灣小吃/熱炒店
17268,
17273,台灣小吃/熱炒店
17285,日式
17287,台灣小吃/熱炒店
17288,
17290,
17295,台灣小吃/熱炒店
17296,台灣小吃/熱炒店
17305,火鍋
17312,
17318,早午餐
17319,台灣小吃/熱炒店
17320,
17324,
17327,台灣小吃/熱炒店
17329,
17333,台灣小吃/熱炒店
17335,咖啡甜點
17338,
17341,台灣小吃/熱炒店
17342,
17357,
17367,台灣小吃/熱炒店
17372,台灣小吃/熱炒店
17376,台灣小吃/熱炒店
17377,日式
17380,台灣小吃/熱炒店
17381,
17382,台灣小吃/熱炒店
17389,台灣小吃/熱炒店
17396,
17401,台灣小吃/熱炒店
17413,咖啡甜點
17418,
17429,
17430,台灣小吃/熱炒店
17434,日式
17439,
17441,
17445,咖啡甜點
17449,咖啡甜點
17451,
17453,南洋
17457,台灣小吃/熱炒店
17464,日式
17481,台灣小吃/熱炒店
17483,台灣小吃/熱炒店
17493,
17497,早午餐
17503,
17513,台灣小吃/熱炒店
17515,台灣小吃/熱炒店
17516,
17528,
17530,
17534,台灣小吃/熱炒店
17544,早午餐
17568,
17570,早午餐
17576,
17582,
17583,台灣小吃/熱炒店
17590,意式
17591,
17594,日式
17598,
17609,台灣小吃/熱炒店
17612,
17624,
17625,台灣小吃/熱炒店
17627,台灣小吃/熱炒店
17632,
17633,
17655,火鍋
17662,
17665,
17668,
17673,
17679,台灣小吃/熱炒店
17681,異國料理
17683,台灣小吃/熱炒店
17689,早午餐
17706,台灣小吃/熱炒店
17708,異國料理
17720,台灣小吃/熱炒店
17723,
17725,
17733,台灣小吃/熱炒店
17738,
17743,酒吧/餐酒館
17750,台灣小吃/熱炒店
17753,火鍋
17757,
17766,台灣小吃/熱炒店
17770,咖啡甜點
17784,火鍋
17787,
17801,台灣小吃/熱炒店
17807,台灣小吃/熱炒店
17811,台灣小吃/熱炒店
17828,咖啡甜點
17831,台灣小吃/熱炒店
17833,台灣小吃/熱炒店
17838,
17845,台灣小吃/熱炒店
17853,
17854,日式
17862,
17867,台灣小吃/熱炒店
17874,台灣小吃/熱炒店
17876,
17877,
17879,
17893,早午餐
17896,異國料理
17905,
17908,台灣小吃/熱炒店
17911,台灣小吃/熱炒店
17923,台灣小吃/熱炒店
17931,
17942,
17946,台灣小吃/熱炒店
17954,台灣小吃/熱炒店
17968,韓式
17971,台灣小吃/熱炒店
17974,意式
17976,
17985,
17991,咖啡甜點
17996,咖啡甜點
18000,
18006,台灣小吃/熱炒店
18018,台灣小吃/熱炒店
18023,火鍋
18027,火鍋
18036,台灣小吃/熱炒店
18037,早午餐
18038,咖啡甜點
18044,酒吧/餐酒館
18046,
18050,台灣小吃/熱炒店
18053,異國料理
18057,
18069,台灣小吃/熱炒店
18072,
18076,台灣小吃/熱炒店
18079,台灣小吃/熱炒店
18080,
18084,咖啡甜點
18086,台灣小吃/熱炒店
18092,台灣小吃/熱炒店
18093,台灣小吃/熱炒店
18098,台灣小吃/熱炒店
18107,台灣小吃/熱炒店
18113,意式
18115,台灣小吃/熱炒店
18118,
18121,台灣小吃/熱炒店
18131,台灣小吃/熱炒店
18135,
18147,
18150,
18154,台灣小吃/熱炒店
18155,台灣小吃/熱炒店
18162,台灣小吃/熱炒店
18172,台灣小吃/熱炒店
18174,台灣小吃/熱炒店
18177,
18178,
18180,火鍋
18181,早午餐
18184,早午餐
18186,火鍋
18193,台灣小吃/熱炒店
18197,台灣小吃/熱炒店
18203,台灣小吃/熱炒店
18211,台灣小吃/熱炒店
18215,早午餐
18216,早午餐
18221,台灣小吃/熱炒店
18222,異國料理
18229,日式
18233,
18245,
18246,
18249,意式
18261,燒烤店
18278,
18281,南洋
18282,
18295,日式
18303,火鍋
18306,中式
18314,中式
18324,
18349,台灣小吃/熱炒店
18351,
18354,台灣小吃/熱炒店
18355,台灣小吃/熱炒店
18360,早午餐
18366,咖啡甜點
18367,火鍋
18380,咖啡甜點
18383,中式
18387,
18393,
18394,台灣小吃/熱炒店
18401,咖啡甜點
18431,
18450,日式
18465,
18466,素食
18473,台灣小吃/熱炒店
18477,
18496,台灣小吃/熱炒店
18498,
18502,港式
18522,
18526,台灣小吃/熱炒店
18548,台灣小吃/熱炒店
18551,
18558,
18566,
18567,日式
18569,台灣小吃/熱炒店
18570,咖啡甜點
18577,
18580,
18587,酒吧/餐酒館
18605,台灣小吃/熱炒店
18616,中式
18628,日式
18633,
18642,
18646,
18647,中式
18655,酒吧/餐酒館
18658,咖啡甜點
18660,台灣小吃/熱炒店
18662,早午餐
18667,咖啡甜點
18669,台灣小吃/熱炒店
18671,
18674,台灣小吃/熱炒店
18675,
18678,
18681,
18682,意式
18712,咖啡甜點
18713,酒吧/餐酒館
18731,
18733,
18736,中式
18739,港式
18752,火鍋
18755,中式
18764,中式
18768,中式
18771,台灣小吃/熱炒店
18772,台灣小吃/熱炒店
18773,台灣小吃/熱炒店
18775,
18777,咖啡甜點
18780,
18781,
18782,
18784,韓式
18785,早午餐
18797,
18799,台灣小吃/熱炒店
18809,南洋
18831,台灣小吃/熱炒店
18839,
18840,台灣小吃/熱炒店
18843,美式
18845,
18847,
18852,
18858,台灣小吃/熱炒店
18859,台灣小吃/熱炒店
18860,咖啡甜點
18862,
18864,台灣小吃/熱炒店
18881,
18894,
18896,
18897,
18898,
18900,台灣小吃/熱炒店
18902,中式
18903,日式
18908,日式
18913,中式
18916,中式
18919,日式
18920,台灣小吃/熱炒店
18921,台灣小吃/熱炒店
18922,早午餐
18925,
18927,早午餐
18928,台灣小吃/熱炒店
18937,台灣小吃/熱炒店
18945,酒吧/餐酒館
18947,
18957,咖啡甜點
18960,早午餐
18965,
18968,台灣小吃/熱炒店
18969,台灣小吃/熱炒店
18972,台灣小吃/熱炒店
18981,
18993,咖啡甜點
19001,
19007,酒吧/餐酒館
19013,
19022,
19030,酒吧/餐酒館
19033,
19038,
19041,中式
19044,咖啡甜點
19045,台灣小吃/熱炒店
19046,火鍋
19056,
19062,
19071,
19073,台灣小吃/熱炒店
19079,中式
19094,台灣小吃/熱炒店
19111,
19117,
19122,素食
19128,台灣小吃/熱炒店
19129,南洋
19135,台灣小吃/熱炒店
19137,咖啡甜點
19139,
19142,
19146,
19151,早午餐
19153,
19169,美式
19171,
19177,早午餐
19184,異國料理
19188,台灣小吃/熱炒店
19211,酒吧/餐酒館
19222,
19226,
19231,
19237,中式
19246,美式
19258,台灣小吃/熱炒店
19265,早午餐
19268,
19273,台灣小吃/熱炒店
19274,台灣小吃/熱炒店
19281,
19283,
19284,台灣小吃/熱炒店
19291,台灣小吃/熱炒店
19292,
19294,
19296,
19303,意式
19304,
19312,
19313,
19322,台灣小吃/熱炒店
19328,咖啡甜點
19329,
19341,異國料理
19343,早午餐
19354,
19355,台灣小吃/熱炒店
19358,中式
19359,
19371,
19385,
19387,咖啡甜點
19388,
19391,
19393,台灣小吃/熱炒店
19405,早午餐
19408,火鍋
19409,
19411,
19417,台灣小吃/熱炒店
19424,咖啡甜點
19437,
19440,咖啡甜點
19442,
19443,
19456,台灣小吃/熱炒店
19460,日式
19467,台灣小吃/熱炒店
19472,中式
19473,火鍋
19478,
19489,
19490,台灣小吃/熱炒店
19491,早午餐
19492,台灣小吃/熱炒店
19493,中式
19494,火鍋
19498,
19499,
19503,中式
19505,
19506,
19507,台灣小吃/熱炒店
19508,早午餐
19509,台灣小吃/熱炒店
19511,港式
19521,火鍋
19546,
19551,台灣小吃/熱炒店
19557,
19559,
19572,港式
19574,台灣小吃/熱炒店
19579,
19587,
19588,台灣小吃/熱炒店
19596,火鍋
19600,美式
19602,火鍋
19612,
19614,火鍋
19625,火鍋
19626,燒烤店
19629,台灣小吃/熱炒店
19632,台灣小吃/熱炒店
19645,
19646,中式
19647,
19649,中式
19650,中式
19652,日式
19653,異國料理
19654,美式
19660,台灣小吃/熱炒店
19663,
19667,
19668,台灣小吃/熱炒店
19670,中式
19674,
19681,中式
19688,
19693,台灣小吃/熱炒店
19695,早午餐
19702,火鍋
19707,
19713,酒吧/餐酒館
19714,
19721,咖啡甜點
19722,早午餐
19725,
19734,
19747,台灣小吃/熱炒店
19753,
19757,
19759,
19779,
19781,
19798,台灣小吃/熱炒店
19799,台灣小吃/熱炒店
19801,
19822,美式
19823,
19826,
19834,
19835,
19840,
19855,
19858,咖啡甜點
19859,中式
19861,
19866,
19883,早午餐
19884,咖啡甜點
19887,日式
19891,火鍋
19894,台灣小吃/熱炒店
19901,日式
19902,台灣小吃/熱炒店
19903,台灣小吃/熱炒店
19909,台灣小吃/熱炒店
19923,中式
19929,台灣小吃/熱炒店
19937,台灣小吃/熱炒店
19949,
19950,台灣小吃/熱炒店
19951,
19952,台灣小吃/熱炒店
19963,
19965,異國料理
19968,意式
19969,早午餐
19973,意式
19977,意式
19981,台灣小吃/熱炒店
19988,意式
19998,日式
20004,台灣小吃/熱炒店
20005,
20009,台灣小吃/熱炒店
20019,日式
20021,
20041,台灣小吃/熱炒店
20047,美式
20050,日式
20055,燒烤店
20057,中式
20061,
20063,台灣小吃/熱炒店
20069,日式
20070,日式
20080,咖啡甜點
20083,台灣小吃/熱炒店
20089,台灣小吃/熱炒店
20094,素食
20098,素食
20099,
20100,
20105,
20106,台灣小吃/熱炒店
20109,台灣小吃/熱炒店
20116,港式
20117,
20122,
20125,
20135,早午餐
20137,酒吧/餐酒館
20159,
20160,
20169,
20172,台灣小吃/熱炒店
20185,火鍋
20187,台灣小吃/熱炒店
20201,早午餐
20202,早午餐
20208,早午餐
20212,早午餐
20213,早午餐
20221,
20222,
20225,台灣小吃/熱炒店
20226,台灣小吃/熱炒店
20227,台灣小吃/熱炒店
20228,
20249,台灣小吃/熱炒店
20250,台灣小吃/熱炒店
20252,
20253,中式
20254,
20255,台灣小吃/熱炒店
20256,台灣小吃/熱炒店
20258,火鍋
20259,中式
20261,台灣小吃/熱炒店
20262,中式
20265,
20266,台灣小吃/熱炒店
20267,火鍋
20268,
20269,火鍋
20272,南洋
20281,
20293,中式
20303,
20304,台灣小吃/熱炒店
20307,台灣小吃/熱炒店
20323,咖啡甜點
20328,
20332,日式
20333,中式
20336,台灣小吃/熱炒店
20338,火鍋
20340,火鍋
20342,火鍋
20347,中式
20350,中式
20351,中式
20353,
20359,中式
20363,
20393,南洋
20397,火鍋
20398,咖啡甜點
20401,台灣小吃/熱炒店
20403,
20406,咖啡甜點
20408,日式
20413,早午餐
20422,台灣小吃/熱炒店
20423,
20430,
20446,早午餐
20453,台灣小吃/熱炒店
20472,異國料理
20478,中式
20481,台灣小吃/熱炒店
20482,台灣小吃/熱炒店
20484,台灣小吃/熱炒店
20485,台灣小吃/熱炒店
20502,台灣小吃/熱炒店
20505,台灣小吃/熱炒店
20506,台灣小吃/熱炒店
20528,早午餐
20529,早午餐
20540,意式
20547,
20552,
20553,中式
20564,
20577,咖啡甜點
20578,咖啡甜點
20589,中式
20590,
20595,咖啡甜點
20596,中式
20598,火鍋
20600,
20601,火鍋
20604,中式
20607,台灣小吃/熱炒店
20609,
20614,
20615,
20616,中式
20620,台灣小吃/熱炒店
20625,火鍋
20632,台灣小吃/熱炒店
20633,台灣小吃/熱炒店
20636,早午餐
20658,
20660,
20663,日式
20664,日式
20666,台灣小吃/熱炒店
20667,素食
20668,
20672,
20674,
20679,台灣小吃/熱炒店
20689,日式
20691,
20694,火鍋
20695,台灣小吃/熱炒店
20698,港式
20699,台灣小吃/熱炒店
20700,台灣小吃/熱炒店
20701,
20704,
20707,早午餐
20712,台灣小吃/熱炒店
20714,中式
20720,港式
20721,台灣小吃/熱炒店
20722,早午餐
20729,台灣小吃/熱炒店
20730,
20732,中式
20736,台灣小吃/熱炒店
20737,
20741,美式
20743,早午餐
20746,
20757,
20759,
20760,
20765,火鍋
20767,
20769,
20770,
20772,
20777,
20783,火鍋
20786,中式
20793,
20798,早午餐
20812,台灣小吃/熱炒店
20815,燒烤店
20818,台灣小吃/熱炒店
20822,
20830,
20837,
20840,台灣小吃/熱炒店
20841,台灣小吃/熱炒店
20842,
20845,
20850,
20851,中式
20853,燒烤店
20854,
20855,
20857,中式
20859,台灣小吃/熱炒店
20862,中式
20867,咖啡甜點
20870,中式
20874,日式
20882,台灣小吃/熱炒店
20891,
20894,
20900,
20916,咖啡甜點
20925,日式
20926,
20927,中式
20928,
20934,
20936,
20949,早午餐
20950,咖啡甜點
20952,
20958,
20965,中式
20966,台灣小吃/熱炒店
20968,
20972,
20980,台灣小吃/熱炒店
20981,
20983,酒吧/餐酒館
20986,中式
20987,中式
20990,中式
21005,美式
21006,異國料理
21015,早午餐
21016,
21018,台灣小吃/熱炒店
21023,
21030,中式
21034,
21038,早午餐
21039,中式
21044,早午餐
21045,
21057,
21069,中式
21072,中式
21076,中式
21077,
21081,
21084,
21085,
21096,
21102,台灣小吃/熱炒店
21103,
21107,
21110,台灣小吃/熱炒店
21111,燒烤店
21119,台灣小吃/熱炒店
21120,台灣小吃/熱炒店
21149,
21152,中式
21154,中式
21156,早午餐
21166,咖啡甜點
21168,中式
21174,
21176,台灣小吃/熱炒店
21199,台灣小吃/熱炒店
21203,火鍋
21204,火鍋
21215,中式
21220,火鍋
21221,南洋
21224,意式
21227,
21231,燒烤店
21234,早午餐
21236,日式
21241,意式
21248,意式
21251,早午餐
21254,台灣小吃/熱炒店
21261,
21279,意式
21280,
21282,日式
21284,早午餐
21288,日式
21291,
21296,台灣小吃/熱炒店
21321,早午餐
21326,火鍋
21330,台灣小吃/熱炒店
21331,台灣小吃/熱炒店
21335,台灣小吃/熱炒店
21340,
21341,台灣小吃/熱炒店
21344,台灣小吃/熱炒店
21345,
21347,
21348,
21359,
21360,
21361,
21362,台灣小吃/熱炒店
21366,港式
21370,港式
21371,台灣小吃/熱炒店
21377,
21380,
21381,台灣小吃/熱炒店
21385,
21388,台灣小吃/熱炒店
21396,早午餐
21399,台灣小吃/熱炒店
21400,台灣小吃/熱炒店
21404,台灣小吃/熱炒店
21430,火鍋
21434,火鍋
21435,台灣小吃/熱炒店
21439,
21440,日式
21441,中式
21443,台灣小吃/熱炒店
21448,台灣小吃/熱炒店
21452,日式
21457,
21462,台灣小吃/熱炒店
21463,
21465,台灣小吃/熱炒店
21466,咖啡甜點
21467,早午餐
21476,早午餐
21477,台灣小吃/熱炒店
21481,台灣小吃/熱炒店
21488,日式
21489,
21490,咖啡甜點
21491,
21493,
21494,美式
21496,台灣小吃/熱炒店
21497,
21500,美式
21507,台灣小吃/熱炒店
21512,台灣小吃/熱炒店
21513,台灣小吃/熱炒店
21530,
21531,台灣小吃/熱炒店
21533,早午餐
21537,台灣小吃/熱炒店
21538,日式
21547,早午餐
21555,台灣小吃/熱炒店
21563,咖啡甜點
21568,咖啡甜點
21574,日式
21575,
21578,台灣小吃/熱炒店
21579,台灣小吃/熱炒店
21580,台灣小吃/熱炒店
21581,中式
21586,火鍋
21590,台灣小吃/熱炒店
21594,台灣小吃/熱炒店
21600,台灣小吃/熱炒店
21604,咖啡甜點
21610,
21616,中式
21618,
21619,台灣小吃/熱炒店
21620,台灣小吃/熱炒店
21627,意式
21630,台灣小吃/熱炒店
21632,台灣小吃/熱炒店
21634,中式
21635,台灣小吃/熱炒店
21636,台灣小吃/熱炒店
21638,
21639,
21652,
21653,早午餐
21654,台灣小吃/熱炒店
21655,
21656,
21658,台灣小吃/熱炒店
21659,
21686,台灣小吃/熱炒店
21687,燒烤店
21690,早午餐
21691,早午餐
21697,台灣小吃/熱炒店
21701,
21702,
21709,早午餐
21711,台灣小吃/熱炒店
21712,台灣小吃/熱炒店
21724,
21746,
21758,火鍋
21759,
21761,早午餐
21762,台灣小吃/熱炒店
21763,台灣小吃/熱炒店
21765,
21768,早午餐
21776,意式
21777,台灣小吃/熱炒店
21784,
21786,
21788,台灣小吃/熱炒店
21791,
21793,
21795,早午餐
21796,台灣小吃/熱炒店
21798,
21805,台灣小吃/熱炒店
21809,
21821,
21822,意式
21832,台灣小吃/熱炒店
21833,
21834,台灣小吃/熱炒店
21835,
21844,早午餐
21846,台灣小吃/熱炒店
21847,早午餐
21851,火鍋
21855,
21868,酒吧/餐酒館
21874,日式
21876,
21880,
21892,
21900,早午餐
21902,
21904,早午餐
21912,意式
21914,
21915,意式
21924,台灣小吃/熱炒店
21930,台灣小吃/熱炒店
21931,異國料理
21933,
21935,
21951,素食
21958,
21959,早午餐
21962,意式
21964,台灣小吃/熱炒店
21966,
21972,
21977,台灣小吃/熱炒店
21979,美式
21981,
21984,咖啡甜點
21985,台灣小吃/熱炒店
21989,台灣小吃/熱炒店
21994,
21996,台灣小吃/熱炒店
22001,
22007,台灣小吃/熱炒店
22010,台灣小吃/熱炒店
22012,台灣小吃/熱炒店
22014,台灣小吃/熱炒店
22018,早午餐
22022,
22028,
22030,台灣小吃/熱炒店
22035,台灣小吃/熱炒店
22038,
22041,台灣小吃/熱炒店
22046,
22051,意式
22054,
22057,
22058,
22063,台灣小吃/熱炒店
22069,早午餐
22077,台灣小吃/熱炒店
22078,
22079,台灣小吃/熱炒店
22087,台灣小吃/熱炒店
22091,咖啡甜點
22092,
22094,
22095,
22097,
22107,
22116,
22147,
22155,
22156,台灣小吃/熱炒店
22159,
22161,台灣小吃/熱炒店
22162,
22163,
22164,
22176,日式
22177,台灣小吃/熱炒店
22179,台灣小吃/熱炒店
22192,
22198,咖啡甜點
22200,台灣小吃/熱炒店
22201,台灣小吃/熱炒店
22220,台灣小吃/熱炒店
22222,台灣小吃/熱炒店
22223,台灣小吃/熱炒店
22231,
22232,異國料理
22233,
22247,
22248,台灣小吃/熱炒店
22249,
22251,早午餐
22252,燒烤店
22254,
22255,
22272,
22275,
22279,台灣小吃/熱炒店
22285,台灣小吃/熱炒店
22311,台灣小吃/熱炒店
22317,台灣小吃/熱炒店
22330,
22331,日式
22334,台灣小吃/熱炒店
22336,
22341,
22342,美式
22343,
22345,
22348,
22350,
22354,
22367,台灣小吃/熱炒店
22373,
22381,
22385,
22386,
22387,美式
22389,台灣小吃/熱炒店
22391,日式
22397,台灣小吃/熱炒店
22399,台灣小吃/熱炒店
22408,
22410,台灣小吃/熱炒店
22412,
22415,台灣小吃/熱炒店
22425,台灣小吃/熱炒店
22430,台灣小吃/熱炒店
22438,
22439,台灣小吃/熱炒店
22448,早午餐
22452,
22455,
22459,
22460,台灣小吃/熱炒店
22461,早午餐
22465,異國料理
22468,早午餐
22474,
22482,
22483,
22484,
22493,台灣小吃/熱炒店
22500,台灣小吃/熱炒店
22502,台灣小吃/熱炒店
22513,意式
22520,台灣小吃/熱炒店
22522,
22524,台灣小吃/熱炒店
22528,台灣小吃/熱炒店
22529,港式
22538,
22542,台灣小吃/熱炒店
22553,
22559,
22560,台灣小吃/熱炒店
22561,
22562,台灣小吃/熱炒店
22563,
22568,台灣小吃/熱炒店
22579,
22580,
22589,台灣小吃/熱炒店
22599,
22600,
22603,咖啡甜點
22609,台灣小吃/熱炒店
22611,
22618,台灣小吃/熱炒店
22629,
22634,
22635,早午餐
22647,
22661,
22666,
22668,燒烤店
22669,素食
22673,日式
22677,
22678,異國料理
22691,
22700,台灣小吃/熱炒店
22701,
22728,
22733,
22735,台灣小吃/熱炒店
22752,
22754,台灣小吃/熱炒店
22755,
22761,
22763,
22766,
22768,台灣小吃/熱炒店
22794,
22795,台灣小吃/熱炒店
22797,台灣小吃/熱炒店
22800,
22801,
22806,台灣小吃/熱炒店
22810,台灣小吃/熱炒店
22822,
22826,火鍋
22827,
22829,燒烤店
22833,
22834,台灣小吃/熱炒店
22839,
22885,
22886,台灣小吃/熱炒店
22894,咖啡甜點
22904,台灣小吃/熱炒店
22905,
22915,酒吧/餐酒館
22922,台灣小吃/熱炒店
22926,
22933,
22939,
22944,台灣小吃/熱炒店
22946,
22950,台灣小吃/熱炒店
22952,
22954,台灣小吃/熱炒店
22956,台灣小吃/熱炒店
22959,台灣小吃/熱炒店
22963,
22964,台灣小吃/熱炒店
22978,早午餐
22980,咖啡甜點
22982,
22987,酒吧/餐酒館
22988,
22992,
22994,台灣小吃/熱炒店
22995,
22999,
23006,
23020,
23033,早午餐
23039,台灣小吃/熱炒店
23040,
23042,日式
23045,
23048,
23049,
23069,燒烤店
23071,美式
23076,
23080,台灣小吃/熱炒店
23084,
23087,台灣小吃/熱炒店
23094,
23095,台灣小吃/熱炒店
23114,火鍋
23118,早午餐
23128,台灣小吃/熱炒店
23129,台灣小吃/熱炒店
23134,台灣小吃/熱炒店
23142,意式
23145,日式
23149,日式
23152,酒吧/餐酒館
23153,
23162,
23166,台灣小吃/熱炒店
23169,
23194,台灣小吃/熱炒店
23200,台灣小吃/熱炒店
23211,咖啡甜點
23213,台灣小吃/熱炒店
23223,台灣小吃/熱炒店
23224,台灣小吃/熱炒店
23231,台灣小吃/熱炒店
23232,台灣小吃/熱炒店
23236,台灣小吃/熱炒店
23239,
23241,早午餐
23259,
23274,
23276,
23280,台灣小吃/熱炒店
23284,
23286,台灣小吃/熱炒店
23287,
23289,
23293,
23294,
23299,台灣小吃/熱炒店
23300,酒吧/餐酒館
23309,酒吧/餐酒館
23312,日式
23314,酒吧/餐酒館
23324,中式
23330,
23335,
23336,台灣小吃/熱炒店
23341,酒吧/餐酒館
23352,
23355,台灣小吃/熱炒店
23356,日式
23378,異國料理
23417,意式
23418,
23421,
23425,
23426,咖啡甜點
23427,
23432,
23436,台灣小吃/熱炒店
23438,
23439,
23440,
23441,
23443,台灣小吃/熱炒店
23456,
23466,
23470,
23473,
23476,
23477,台灣小吃/熱炒店
23497,異國料理
23498,台灣小吃/熱炒店
23502,
23504,台灣小吃/熱炒店
23508,台灣小吃/熱炒店
23509,台灣小吃/熱炒店
23510,美式
23513,
23514,異國料理
23524,台灣小吃/熱炒店
23526,
23540,台灣小吃/熱炒店
23544,台灣小吃/熱炒店
23546,
23547,
23550,
23551,台灣小吃/熱炒店
23555,台灣小吃/熱炒店
23564,台灣小吃/熱炒店
23570,台灣小吃/熱炒店
23572,早午餐
23576,台灣小吃/熱炒店
23579,
23588,
23593,
23595,酒吧/餐酒館
23600,異國料理
23623,早午餐
23628,
23631,台灣小吃/熱炒店
23633,
23646,早午餐
23648,台灣小吃/熱炒店
23649,台灣小吃/熱炒店
23651,港式
23652,
23661,台灣小吃/熱炒店
23671,
23674,
23678,早午餐
23687,
23719,中式
23722,
23725,台灣小吃/熱炒店
23726,台灣小吃/熱炒店
23732,異國料理
23736,意式
23743,
23744,台灣小吃/熱炒店
23747,
23752,咖啡甜點
23757,
23762,
23764,
23765,
23779,
23781,早午餐
23784,
23786,
23790,異國料理
23794,台灣小吃/熱炒店
23809,
23812,酒吧/餐酒館
23827,台灣小吃/熱炒店
23853,台灣小吃/熱炒店
23858,
23863,咖啡甜點
23864,
23878,早午餐
23882,
23886,港式
23896,
23898,日式
23899,中式
23908,
23911,日式
23925,台灣小吃/熱炒店
23928,
23930,日式
23940,
23942,
23943,台灣小吃/熱炒店
23950,台灣小吃/熱炒店
23956,台灣小吃/熱炒店
23964,台灣小吃/熱炒店
23969,
23973,
23979,酒吧/餐酒館
24001,酒吧/餐酒館
24003,
24005,
24010,
24016,
24018,
24023,異國料理
24025,
24032,異國料理
24037,
24038,
24048,
24049,
24051,台灣小吃/熱炒店
24052,台灣小吃/熱炒店
24053,
24058,
24064,台灣小吃/熱炒店
24075,
24090,
24091,
24097,台灣小吃/熱炒店
24100,酒吧/餐酒館
24102,台灣小吃/熱炒店
24105,素食
24109,
24111,
24115,港式
24116,
24118,
24120,台灣小吃/熱炒店
24121,
24123,
24130,
24137,
24141,
24145,
24153,
24165,
24170,
24172,
24174,台灣小吃/熱炒店
24187,
24193,
24195,
24198,
24205,
24206,台灣小吃/熱炒店
24208,台灣小吃/熱炒店
24210,台灣小吃/熱炒店
24221,台灣小吃/熱炒店
24223,台灣小吃/熱炒店
24225,
24229,
24234,
24243,
24244,
24248,
24252,台灣小吃/熱炒店
24260,
24264,
24267,
24271,
24272,台灣小吃/熱炒店
24275,
24277,早午餐
24281,
24292,
24297,早午餐
24303,
24316,台灣小吃/熱炒店
24331,台灣小吃/熱炒店
24332,台灣小吃/熱炒店
24334,台灣小吃/熱炒店
24347,台灣小吃/熱炒店
24349,
24352,
24365,咖啡甜點
24389,
24417,酒吧/餐酒館
24539,異國料理
24555,酒吧/餐酒館
24572,異國料理
24596,
24622,
24624,異國料理
24629,異國料理
24634,
24636,
24667,台灣小吃/熱炒店
24668,
24674,
24675,
24677,美式
24679,
24687,
24691,
24696,
24700,
24706,酒吧/餐酒館
24728,
24737,
24755,異國料理
24776,台灣小吃/熱炒店
24778,
24793,台灣小吃/熱炒店
24800,台灣小吃/熱炒店
24805,
24822,火鍋
24829,
24834,
24838,
24866,
24874,
24883,
24887,
24912,
24920,日式
24921,
24923,台灣小吃/熱炒店
24925,
24927,
24928,
24929,台灣小吃/熱炒店
24930,台灣小吃/熱炒店
24936,
24938,
24939,
24944,
24948,
24956,
24962,早午餐
24963,台灣小吃/熱炒店
24965,
24966,台灣小吃/熱炒店
24972,
24974,
24980,台灣小吃/熱炒店
24993,
25017,
25018,
25019,
25024,台灣小吃/熱炒店
25028,
25031,台灣小吃/熱炒店
25049,台灣小吃/熱炒店
25050,台灣小吃/熱炒店
25052,早午餐
25057,台灣小吃/熱炒店
25060,台灣小吃/熱炒店
25062,台灣小吃/熱炒店
25064,台灣小吃/熱炒店
25075,日式
25076,
25077,台灣小吃/熱炒店
25080,
25086,台灣小吃/熱炒店
25097,早午餐
25099,日式
25100,早午餐
25112,異國料理
25122,
25140,
25142,
25143,
25144,
55,台灣小吃/熱炒店
56,日式
177,日式
463,南洋
468,港式
555,酒吧/餐酒館
557,異國料理
568,酒吧/餐酒館
596,酒吧/餐酒館
916,日式
1047,異國料理
1184,台灣小吃/熱炒店
1308,
1516,中式
1581,酒吧/餐酒館
1621,酒吧/餐酒館
1903,台灣小吃/熱炒店
1978,日式
2004,異國料理
2028,台灣小吃/熱炒店
2065,酒吧/餐酒館
2067,酒吧/餐酒館
2069,酒吧/餐酒館
2140,
2215,酒吧/餐酒館
2346,台灣小吃/熱炒店
2377,酒吧/餐酒館
2381,酒吧/餐酒館
2450,日式
2499,日式
3322,
3434,異國料理
3573,意式
3702,酒吧/餐酒館
3727,酒吧/餐酒館
3853,台灣小吃/熱炒店
3919,台灣小吃/熱炒店
4029,酒吧/餐酒館
4038,日式
4202,日式
4334,酒吧/餐酒館
4403,意式
4429,港式
4554,咖啡甜點
4605,早午餐
4618,日式
4841,
4875,台灣小吃/熱炒店
4878,台灣小吃/熱炒店
4890,日式
5137,台灣小吃/熱炒店
5165,酒吧/餐酒館
5242,酒吧/餐酒館
5323,酒吧/餐酒館
5336,
5401,台灣小吃/熱炒店
5419,
5468,日式
5623,咖啡甜點
5739,日式
5743,台灣小吃/熱炒店
5767,台灣小吃/熱炒店
5787,酒吧/餐酒館
5901,異國料理
6025,日式
6229,台灣小吃/熱炒店
6241,異國料理
6318,意式
6387,意式
6421,日式
6456,台灣小吃/熱炒店
6667,日式
6679,台灣小吃/熱炒店
7060,南洋
7069,台灣小吃/熱炒店
7142,酒吧/餐酒館
7171,酒吧/餐酒館
7261,早午餐
7269,日式
7281,南洋
7334,日式
7356,台灣小吃/熱炒店
7363,日式
7472,異國料理
7473,酒吧/餐酒館
7632,台灣小吃/熱炒店
7836,台灣小吃/熱炒店
7903,中式
7907,港式
8028,酒吧/餐酒館
8044,台灣小吃/熱炒店
8058,港式
8061,日式
8095,台灣小吃/熱炒店
8109,酒吧/餐酒館
8214,酒吧/餐酒館
8250,酒吧/餐酒館
8274,日式
8276,日式
8283,日式
8356,酒吧/餐酒館
8360,酒吧/餐酒館
8364,台灣小吃/熱炒店
8534,日式
8535,台灣小吃/熱炒店
8607,台灣小吃/熱炒店
8609,台灣小吃/熱炒店
8876,韓式
9194,日式
9252,
9310,
9352,咖啡甜點
9431,酒吧/餐酒館
9496,早午餐
9566,咖啡甜點
9647,日式
9945,異國料理
10057,意式
10165,台灣小吃/熱炒店
10175,台灣小吃/熱炒店
10239,咖啡甜點
10323,日式
10354,日式
10415,
10472,
10550,南洋
10643,中式
10678,酒吧/餐酒館
10695,酒吧/餐酒館
10698,日式
10801,台灣小吃/熱炒店
10807,台灣小吃/熱炒店
10900,咖啡甜點
11042,酒吧/餐酒館
11115,台灣小吃/熱炒店
11173,日式
11198,酒吧/餐酒館
11240,日式
11275,
11476,異國料理
11789,台灣小吃/熱炒店
11847,台灣小吃/熱炒店
11937,台灣小吃/熱炒店
12032,酒吧/餐酒館
12062,中式
12078,日式
12119,日式
12120,台灣小吃/熱炒店
12363,台灣小吃/熱炒店
12384,台灣小吃/熱炒店
12397,台灣小吃/熱炒店
12642,意式
12732,酒吧/餐酒館
12890,日式
13076,
13100,酒吧/餐酒館
13221,日式
13281,日式
13553,台灣小吃/熱炒店
13557,台灣小吃/熱炒店
13570,日式
13573,台灣小吃/熱炒店
13714,
13851,台灣小吃/熱炒店
13920,南洋
13981,日式
14072,咖啡甜點
14138,
14145,日式
14224,日式
14228,日式
14233,
14241,日式
14317,台灣小吃/熱炒店
14503,台灣小吃/熱炒店
14529,
14840,台灣小吃/熱炒店
15451,
15463,意式
15511,日式
15544,日式
15722,台灣小吃/熱炒店
15830,日式
15832,
15845,
16127,火鍋
16142,中式
16283,台灣小吃/熱炒店
16302,
16517,南洋
16634,
16639,
16731,台灣小吃/熱炒店
16804,
16805,台灣小吃/熱炒店
16883,台灣小吃/熱炒店
17037,台灣小吃/熱炒店
17068,酒吧/餐酒館
17078,中式
17115,火鍋
17202,
17209,日式
17220,
17298,日式
17328,
17478,台灣小吃/熱炒店
17538,台灣小吃/熱炒店
17637,台灣小吃/熱炒店
17685,台灣小吃/熱炒店
17778,台灣小吃/熱炒店
17792,日式
18025,
18130,台灣小吃/熱炒店
18152,
18257,咖啡甜點
18269,
18326,台灣小吃/熱炒店
18409,日式
18441,日式
18573,台灣小吃/熱炒店
18582,咖啡甜點
18837,
18874,
18929,
18973,台灣小吃/熱炒店
18996,
19234,早午餐
19308,
19347,
19522,早午餐
19534,台灣小吃/熱炒店
19817,台灣小吃/熱炒店
20298,台灣小吃/熱炒店
20379,
20417,異國料理
20426,日式
20479,
20705,
20752,
20945,
21090,台灣小吃/熱炒店
21269,日式
21403,台灣小吃/熱炒店
21453,
21566,
21689,
21780,台灣小吃/熱炒店
21976,
22229,
22338,台灣小吃/熱炒店
22396,日式
22602,
22793,
22942,
22943,
22948,酒吧/餐酒館
23158,台灣小吃/熱炒店
23198,
23323,
23381,
23518,異國料理
23598,酒吧/餐酒館
23733,台灣小吃/熱炒店
23859,台灣小吃/熱炒店
23937,台灣小吃/熱炒店
24077,台灣小吃/熱炒店
24087,台灣小吃/熱炒店
24222,台灣小吃/熱炒店
24744,
24752,台灣小吃/熱炒店
24893,
24952,
25111,台灣小吃/熱炒店